--
-- PostgreSQL database dump
--

\restrict hg7jpu5jF71epuVG7HYJLds7VZQDvfWo5VhZiqQbs9uRAeXIfraVhSoBjXmnPsf

-- Dumped from database version 18.1
-- Dumped by pg_dump version 18.1

-- Started on 2026-01-18 18:34:43

SET statement_timeout = 0;
SET lock_timeout = 0;
SET idle_in_transaction_session_timeout = 0;
SET transaction_timeout = 0;
SET client_encoding = 'UTF8';
SET standard_conforming_strings = on;
SELECT pg_catalog.set_config('search_path', '', false);
SET check_function_bodies = false;
SET xmloption = content;
SET client_min_messages = warning;
SET row_security = off;

--
-- TOC entry 5107 (class 0 OID 16388)
-- Dependencies: 219
-- Data for Name: alembic_version; Type: TABLE DATA; Schema: public; Owner: postgres
--

INSERT INTO public.alembic_version VALUES ('39ef7f0e297b');


--
-- TOC entry 5108 (class 0 OID 16394)
-- Dependencies: 220
-- Data for Name: areas; Type: TABLE DATA; Schema: public; Owner: postgres
--

INSERT INTO public.areas VALUES ('498e9fdb-25f5-42f9-beb8-92564ab6bdf4', 'Facturación', 'fact');
INSERT INTO public.areas VALUES ('725f5e5a-49d3-4e44-800f-f5ff21e187ac', 'Contabilidad', 'cont');
INSERT INTO public.areas VALUES ('b067adcd-13ff-420f-9389-42bfaa78cf9f', 'Tesoreria', 'tes');
INSERT INTO public.areas VALUES ('4b8fd4c9-9e10-4af4-9a1b-b54c6fe3d5f0', 'Mantenimiento', 'mant');
INSERT INTO public.areas VALUES ('00ea89d6-c6e6-427c-a86e-abbdfd77ef68', 'Arquitectura', 'arq');
INSERT INTO public.areas VALUES ('0bf3a60f-daa5-470f-8791-c1369d6e26bf', 'Administración', 'admin');
INSERT INTO public.areas VALUES ('39ae3593-128b-46f7-93e5-4d4fde84745b', 'Operaciones', 'oper');
INSERT INTO public.areas VALUES ('fc127d0c-0fae-4847-a882-294a3e0622a7', 'Cedi', 'Cedi');
INSERT INTO public.areas VALUES ('ad7be3d4-0def-49a1-b6de-fd939a0dc678', 'Torre Control', 'Torre Control - Logistica');
INSERT INTO public.areas VALUES ('18f3a636-65fd-4c76-b2d3-438bd11ab71a', 'Tiendas Café Quindío', 'b2c');
INSERT INTO public.areas VALUES ('141a37ee-0aa9-470e-b49e-0e1dec555252', 'Comercial', 'b2b');
INSERT INTO public.areas VALUES ('81ba701c-7d31-4cd5-a4ed-e97ed678aa3d', 'Trade', 'Marketing');
INSERT INTO public.areas VALUES ('f76284c2-16dc-4a8a-8dd4-614d73d1a700', 'Getion Humana', 'gh');
INSERT INTO public.areas VALUES ('4003bea2-fa56-44eb-b79f-b948bc3eb715', 'Sistema Integrado de Gestión', 'SIG');
INSERT INTO public.areas VALUES ('b0c1dcd7-491c-4f49-9bce-f74b91bf95f0', 'Marketing', 'mkt');
INSERT INTO public.areas VALUES ('a38a557e-09af-4b8e-ba08-528769d19208', 'Compras', 'Financiera');
INSERT INTO public.areas VALUES ('96bdb32d-10b9-4f70-b357-d9c30a611828', 'Calidad', 'Operaciones Inocuidad');
INSERT INTO public.areas VALUES ('9ae838ae-c640-4235-9b5e-afb5ca1252cf', 'Asisitencia Administrativa', 'adm');
INSERT INTO public.areas VALUES ('bdda6301-a6d4-4e59-b274-80395050de9c', 'Calidad de Café', 'gg');
INSERT INTO public.areas VALUES ('7140c3ef-f889-4b2e-9481-20d04efc60dc', 'TIC', 'Tecno');


--
-- TOC entry 5115 (class 0 OID 16987)
-- Dependencies: 227
-- Data for Name: centros_costo; Type: TABLE DATA; Schema: public; Owner: postgres
--

INSERT INTO public.centros_costo VALUES ('d4c45ace-8a77-4c0b-8530-e99739dbbe80', 'IA', false, '2025-12-28 15:54:18.943426-05', '2026-01-15 16:37:33.121246-05');
INSERT INTO public.centros_costo VALUES ('7a15a126-bca9-4ea7-b93e-efbf03889ce1', 'CALIDAD CAFE', true, '2026-01-15 16:37:57.587946-05', '2026-01-15 16:37:57.587949-05');
INSERT INTO public.centros_costo VALUES ('63c918ee-0318-4aee-b8bc-787b4d1d4aec', 'EXPORTACIONES', true, '2026-01-15 16:38:08.653048-05', '2026-01-15 16:38:08.653051-05');
INSERT INTO public.centros_costo VALUES ('cd635c02-a446-4f24-8f16-c6d61100ca55', 'GERENCIA ADMINISTRATIVA', true, '2026-01-15 16:38:18.31824-05', '2026-01-15 16:38:18.318244-05');
INSERT INTO public.centros_costo VALUES ('d6484a52-ba9d-4ac7-9b0e-0234424a8c07', 'GERENCIA COMERCIAL', true, '2026-01-15 16:38:29.552478-05', '2026-01-15 16:38:29.552482-05');
INSERT INTO public.centros_costo VALUES ('930d2beb-b664-4248-8422-31f809e5a3a0', 'GERENCIA DE EXPANSION', true, '2026-01-15 16:38:41.313287-05', '2026-01-15 16:38:41.31329-05');
INSERT INTO public.centros_costo VALUES ('eb33a160-1551-444c-898a-907c5e4c5d3f', 'GERENCIA DE INNOVACION Y DESARROLLO', true, '2026-01-15 16:38:53.785155-05', '2026-01-15 16:38:53.785159-05');
INSERT INTO public.centros_costo VALUES ('a95e05a9-021f-4881-bb53-d9b4ee1db287', 'GERENCIA DE MERCADEO', true, '2026-01-15 16:39:07.581174-05', '2026-01-15 16:39:07.581179-05');
INSERT INTO public.centros_costo VALUES ('e957ebf8-9753-414d-82f0-38df2cfe4a71', 'GERENCIA DE TIENDAS', true, '2026-01-15 16:39:21.577261-05', '2026-01-15 16:39:21.577265-05');
INSERT INTO public.centros_costo VALUES ('617298b8-ee99-4ee3-8596-c63d03518567', 'GERENCIA FINANCIERA', true, '2026-01-15 16:39:32.893825-05', '2026-01-15 16:39:32.893827-05');
INSERT INTO public.centros_costo VALUES ('dc84399a-6693-4087-ad84-4ea1d32697c7', 'GERENCIA GENERAL', true, '2026-01-15 16:39:44.028476-05', '2026-01-15 16:39:44.028481-05');
INSERT INTO public.centros_costo VALUES ('4204299e-7d93-4cac-baad-4f7538d91982', 'GERENCIA OPERATIVA', true, '2026-01-15 16:39:53.814521-05', '2026-01-15 16:39:53.814524-05');
INSERT INTO public.centros_costo VALUES ('35bb3889-72d8-4dbf-a842-ffecfeff779b', 'GERENCIA OPERATIVA DE PRODUCCION', true, '2026-01-15 16:40:06.739719-05', '2026-01-15 16:40:06.739722-05');
INSERT INTO public.centros_costo VALUES ('fcfb2d9a-698d-41ec-86ef-7a4b42c42c7f', 'PRESIDENCIA', true, '2026-01-15 16:40:19.688017-05', '2026-01-15 16:40:19.688019-05');
INSERT INTO public.centros_costo VALUES ('fe752a85-8d34-4846-af22-3edd64c0f698', 'RESTAURANTE', true, '2026-01-15 16:40:42.885552-05', '2026-01-15 16:40:42.885555-05');


--
-- TOC entry 5116 (class 0 OID 17005)
-- Dependencies: 228
-- Data for Name: centros_operacion; Type: TABLE DATA; Schema: public; Owner: postgres
--

INSERT INTO public.centros_operacion VALUES ('2d0b774f-23a6-485b-90bc-2278d3fbea6a', 'd4c45ace-8a77-4c0b-8530-e99739dbbe80', 'CHAT-GPT', true, '2025-12-28 15:54:52.274252-05', '2025-12-28 15:54:52.27426-05');
INSERT INTO public.centros_operacion VALUES ('f0063b8c-16e6-4d0b-af7c-254e337cd0c6', '7a15a126-bca9-4ea7-b93e-efbf03889ce1', 'CALIDAD CAFE', true, '2026-01-15 16:42:02.362534-05', '2026-01-15 16:42:02.362538-05');
INSERT INTO public.centros_operacion VALUES ('4947f1c1-0231-4ed7-b6d8-aca16d8ad552', '63c918ee-0318-4aee-b8bc-787b4d1d4aec', 'EXPORTACIONES', true, '2026-01-15 16:42:30.870282-05', '2026-01-15 16:42:30.870285-05');
INSERT INTO public.centros_operacion VALUES ('e6d61d57-4934-4df8-b5ff-ef132c63b213', 'cd635c02-a446-4f24-8f16-c6d61100ca55', 'MANTENIMIENTO', true, '2026-01-15 16:43:07.567702-05', '2026-01-15 16:43:07.567705-05');
INSERT INTO public.centros_operacion VALUES ('c9fc5b5b-5cc1-4bff-998a-59ba2f2eb2d9', 'cd635c02-a446-4f24-8f16-c6d61100ca55', 'TIC', true, '2026-01-15 16:43:15.018164-05', '2026-01-15 16:43:15.018167-05');
INSERT INTO public.centros_operacion VALUES ('9f023754-d641-4513-8fc4-8d97385db262', 'cd635c02-a446-4f24-8f16-c6d61100ca55', 'TALENTO HUMANO', true, '2026-01-15 16:43:20.115867-05', '2026-01-15 16:43:20.115869-05');
INSERT INTO public.centros_operacion VALUES ('bcade545-b234-491d-966c-25d4ea158d5e', 'cd635c02-a446-4f24-8f16-c6d61100ca55', 'SIG', true, '2026-01-15 16:43:31.486088-05', '2026-01-15 16:43:31.486091-05');
INSERT INTO public.centros_operacion VALUES ('a86898f6-b3ca-47cd-a171-bdcadcea2ccc', 'cd635c02-a446-4f24-8f16-c6d61100ca55', 'GERENCIA ADMINISTRATIVA', true, '2026-01-15 16:43:37.065132-05', '2026-01-15 16:43:37.065136-05');
INSERT INTO public.centros_operacion VALUES ('264ed022-28cb-4f19-88a5-25f937eda6b7', 'cd635c02-a446-4f24-8f16-c6d61100ca55', 'AUDITORIA INTERNA', true, '2026-01-15 16:43:45.379567-05', '2026-01-15 16:43:45.37957-05');
INSERT INTO public.centros_operacion VALUES ('8728b1de-169b-478b-9e14-d985a76f0813', 'cd635c02-a446-4f24-8f16-c6d61100ca55', 'SERVICIOS GENERALES', true, '2026-01-15 16:43:56.166531-05', '2026-01-15 16:43:56.166535-05');
INSERT INTO public.centros_operacion VALUES ('2bebcca2-1dab-4127-b2f0-7d55b2e8100a', 'd6484a52-ba9d-4ac7-9b0e-0234424a8c07', 'DIRECTOR VENTAS SUR OCCIDENTE', true, '2026-01-15 16:44:23.118799-05', '2026-01-15 16:44:23.118802-05');
INSERT INTO public.centros_operacion VALUES ('4dbd75d8-e8fc-4ead-b076-f3bdee8589a6', 'd6484a52-ba9d-4ac7-9b0e-0234424a8c07', 'DIRECTOR VENTAS BOGOTA', true, '2026-01-15 16:44:32.085801-05', '2026-01-15 16:44:32.085806-05');
INSERT INTO public.centros_operacion VALUES ('6ac67811-e239-47c0-a339-16a2c10b9304', 'd6484a52-ba9d-4ac7-9b0e-0234424a8c07', 'AREA TRADE', true, '2026-01-15 16:44:39.229385-05', '2026-01-15 16:44:39.229388-05');
INSERT INTO public.centros_operacion VALUES ('7fd23baf-252e-4484-8b47-f9e2393a312a', 'd6484a52-ba9d-4ac7-9b0e-0234424a8c07', 'VENTAS CARTAGENA', true, '2026-01-15 16:44:45.511422-05', '2026-01-15 16:44:45.511425-05');
INSERT INTO public.centros_operacion VALUES ('76611c2d-be42-4501-8cf6-08e18d0eca3b', 'd6484a52-ba9d-4ac7-9b0e-0234424a8c07', 'VENTAS MEDELLIN 1', true, '2026-01-15 16:44:54.278621-05', '2026-01-15 16:44:54.278625-05');
INSERT INTO public.centros_operacion VALUES ('1f23fcd3-633c-4a28-a564-17d9630fef14', 'd6484a52-ba9d-4ac7-9b0e-0234424a8c07', 'VENTAS MEDELLIN', true, '2026-01-15 16:45:01.370078-05', '2026-01-15 16:45:01.370082-05');
INSERT INTO public.centros_operacion VALUES ('315dba9d-fd95-491f-95c5-c56ff85482a2', 'd6484a52-ba9d-4ac7-9b0e-0234424a8c07', 'AREA COMERCIAL', true, '2026-01-15 16:45:07.519723-05', '2026-01-15 16:45:07.519727-05');
INSERT INTO public.centros_operacion VALUES ('7fe91518-fd46-426b-827a-d1e166cd12fb', 'd6484a52-ba9d-4ac7-9b0e-0234424a8c07', 'VENTAS CALI', true, '2026-01-15 16:45:13.633647-05', '2026-01-15 16:45:13.63365-05');
INSERT INTO public.centros_operacion VALUES ('a423973e-ffe5-4560-ac63-c8596916eaeb', 'd6484a52-ba9d-4ac7-9b0e-0234424a8c07', 'VENTAS BOGOTA 4', true, '2026-01-15 16:45:20.583944-05', '2026-01-15 16:45:20.583947-05');
INSERT INTO public.centros_operacion VALUES ('f448176f-3808-45a6-b445-1dc074e39d28', 'd6484a52-ba9d-4ac7-9b0e-0234424a8c07', 'VENTAS BOGOTA 2', true, '2026-01-15 16:45:27.611664-05', '2026-01-15 16:45:27.611668-05');
INSERT INTO public.centros_operacion VALUES ('b7c471b3-09be-402b-a717-7e28f293cde0', 'd6484a52-ba9d-4ac7-9b0e-0234424a8c07', 'KAM', true, '2026-01-15 16:45:33.164601-05', '2026-01-15 16:45:33.164604-05');
INSERT INTO public.centros_operacion VALUES ('5b8dbc0a-34c7-411f-b7e6-a30fb88f40c2', 'd6484a52-ba9d-4ac7-9b0e-0234424a8c07', 'VENTAS MANIZALES', true, '2026-01-15 16:45:38.664132-05', '2026-01-15 16:45:38.664138-05');
INSERT INTO public.centros_operacion VALUES ('77137115-2c5e-4929-895c-561dbb81c8af', 'd6484a52-ba9d-4ac7-9b0e-0234424a8c07', 'VENTAS PEREIRA', true, '2026-01-15 16:45:47.602113-05', '2026-01-15 16:45:47.602116-05');
INSERT INTO public.centros_operacion VALUES ('cb9091f5-75e3-454e-9088-d307dbd0af08', 'd6484a52-ba9d-4ac7-9b0e-0234424a8c07', 'CLIENTES NACIONALES', true, '2026-01-15 16:45:54.863612-05', '2026-01-15 16:45:54.863615-05');
INSERT INTO public.centros_operacion VALUES ('9a2805fd-50f4-4923-9c79-14c190bfad4a', 'd6484a52-ba9d-4ac7-9b0e-0234424a8c07', 'VENTAS QUINDIO 2', true, '2026-01-15 16:46:01.645034-05', '2026-01-15 16:46:01.645037-05');
INSERT INTO public.centros_operacion VALUES ('189eb2f4-416c-45aa-8f4d-816e2fe2fd96', 'd6484a52-ba9d-4ac7-9b0e-0234424a8c07', 'VENTAS QUINDIO 3', true, '2026-01-15 16:46:09.1426-05', '2026-01-15 16:46:09.142603-05');
INSERT INTO public.centros_operacion VALUES ('b6f17ca6-8b9e-4d43-94e2-35feb2750728', 'd6484a52-ba9d-4ac7-9b0e-0234424a8c07', 'VENTAS QUINDIO 1', true, '2026-01-15 16:46:15.294631-05', '2026-01-15 16:46:15.294633-05');
INSERT INTO public.centros_operacion VALUES ('9916633c-5a5e-4ed7-b67e-86202c7f0279', 'd6484a52-ba9d-4ac7-9b0e-0234424a8c07', 'VENTAS VIP', true, '2026-01-15 16:46:22.670067-05', '2026-01-15 16:46:22.67007-05');
INSERT INTO public.centros_operacion VALUES ('c69e5b50-3e90-40b8-b719-6d8fa0369cd9', '930d2beb-b664-4248-8422-31f809e5a3a0', 'GERENCIA DE EXPANSION', true, '2026-01-15 16:46:49.928342-05', '2026-01-15 16:46:49.928344-05');
INSERT INTO public.centros_operacion VALUES ('d1bfeb2e-4237-4c66-8c2a-684c2b3ebe61', 'eb33a160-1551-444c-898a-907c5e4c5d3f', 'ARQUITECTURA', true, '2026-01-15 16:47:21.549692-05', '2026-01-15 16:47:21.549696-05');
INSERT INTO public.centros_operacion VALUES ('ed708736-4e1c-495e-9b5e-1078fda7dee7', 'eb33a160-1551-444c-898a-907c5e4c5d3f', 'GERENCIA INNOVACION', true, '2026-01-15 16:47:28.004334-05', '2026-01-15 16:47:28.004336-05');
INSERT INTO public.centros_operacion VALUES ('b50df9aa-a09d-4d41-9686-a5951777a14e', 'a95e05a9-021f-4881-bb53-d9b4ee1db287', 'GERENCIA MERCADEO', true, '2026-01-15 16:47:52.142458-05', '2026-01-15 16:47:52.14246-05');
INSERT INTO public.centros_operacion VALUES ('7a77aac7-88ac-41f6-a338-5c5c6fa71326', 'e957ebf8-9753-414d-82f0-38df2cfe4a71', 'CAFE QUINDIO EXPRESS AEROPUERTO DORADO', true, '2026-01-15 16:52:03.811438-05', '2026-01-15 16:52:03.811442-05');
INSERT INTO public.centros_operacion VALUES ('32f0bd8a-d0b3-419b-8aec-50b2292c6457', 'e957ebf8-9753-414d-82f0-38df2cfe4a71', 'CAFE QUINDIO EXPRESS NUESTRO', true, '2026-01-15 16:52:03.811448-05', '2026-01-15 16:52:03.811449-05');
INSERT INTO public.centros_operacion VALUES ('77726a0c-f460-43cd-90d4-f3fae4ae310f', 'e957ebf8-9753-414d-82f0-38df2cfe4a71', 'CAFE QUINDIO PLAZA BOCAGRANDE', true, '2026-01-15 16:52:03.811452-05', '2026-01-15 16:52:03.811453-05');
INSERT INTO public.centros_operacion VALUES ('5b1b69a9-7334-4f57-bc7a-5e52973ba9e8', 'e957ebf8-9753-414d-82f0-38df2cfe4a71', 'CAFE QUINDIO EXPRESS VIA LA PRIMAVERA', true, '2026-01-15 16:52:03.811456-05', '2026-01-15 16:52:03.811457-05');
INSERT INTO public.centros_operacion VALUES ('836acdea-b0da-447e-aee2-a59be2081fa2', 'e957ebf8-9753-414d-82f0-38df2cfe4a71', 'CAFE QUINDIO EXPRESS USAQUEN', true, '2026-01-15 16:52:03.81146-05', '2026-01-15 16:52:03.811461-05');
INSERT INTO public.centros_operacion VALUES ('742832f5-8c8f-4ee1-80cc-93dd0a10d219', 'e957ebf8-9753-414d-82f0-38df2cfe4a71', 'CAFE QUINDIO EXPRESS SAN NICOLAS', true, '2026-01-15 16:52:03.811463-05', '2026-01-15 16:52:03.811464-05');
INSERT INTO public.centros_operacion VALUES ('46f540e9-be8f-45d4-8e9c-2c9ad60a23b3', 'e957ebf8-9753-414d-82f0-38df2cfe4a71', 'CAFE QUINDIO EXPRESS EDEN BOGOTA', true, '2026-01-15 16:52:03.811467-05', '2026-01-15 16:52:03.811467-05');
INSERT INTO public.centros_operacion VALUES ('b22c98ed-e80e-4104-b4e5-2b8c6fda5c44', 'e957ebf8-9753-414d-82f0-38df2cfe4a71', 'CAFE QUINDIO EXPRESS UNICENTRO BOGOTA', true, '2026-01-15 16:52:03.81147-05', '2026-01-15 16:52:03.811471-05');
INSERT INTO public.centros_operacion VALUES ('deb7a9ec-4e71-45db-9c85-da60cd608cb7', 'e957ebf8-9753-414d-82f0-38df2cfe4a71', 'CAFE QUINDIO EXPRESS VIVA ENVIGADO', true, '2026-01-15 16:52:03.811473-05', '2026-01-15 16:52:03.811474-05');
INSERT INTO public.centros_operacion VALUES ('0ec6e999-df53-49f4-a647-544062841926', 'e957ebf8-9753-414d-82f0-38df2cfe4a71', 'CAFE QUINDIO EXPRESS IMPERIAL BOGOTA', true, '2026-01-15 16:52:03.811477-05', '2026-01-15 16:52:03.811478-05');
INSERT INTO public.centros_operacion VALUES ('01d0a837-005b-43f9-92ec-5ec18ce978f4', 'e957ebf8-9753-414d-82f0-38df2cfe4a71', 'CAFE QUINDIO PLAZA SOL', true, '2026-01-15 16:52:03.81148-05', '2026-01-15 16:52:03.811481-05');
INSERT INTO public.centros_operacion VALUES ('3ce69e4b-0efd-45b9-a43e-da716ba6f612', 'e957ebf8-9753-414d-82f0-38df2cfe4a71', 'CAFE QUINDIO EXPRESS TITAN PLAZA', true, '2026-01-15 16:52:03.811483-05', '2026-01-15 16:52:03.811484-05');
INSERT INTO public.centros_operacion VALUES ('5a274ce0-3414-4ad2-84f2-f1e684fd8338', 'e957ebf8-9753-414d-82f0-38df2cfe4a71', 'CAFE QUINDIO EXPRESS PLAZA CENTRAL', true, '2026-01-15 16:52:03.811487-05', '2026-01-15 16:52:03.811488-05');
INSERT INTO public.centros_operacion VALUES ('c1e146ab-c0aa-489b-82e1-64012ebcf269', 'e957ebf8-9753-414d-82f0-38df2cfe4a71', 'CAFE QUINDIO EXPRESS ILATINA', true, '2026-01-15 16:52:03.81149-05', '2026-01-15 16:52:03.811491-05');
INSERT INTO public.centros_operacion VALUES ('8add1e28-24e2-47c8-ae13-66d362ed86f2', 'e957ebf8-9753-414d-82f0-38df2cfe4a71', 'CAFE QUINDIO EXPRESS TORRE 90', true, '2026-01-15 16:52:03.811493-05', '2026-01-15 16:52:03.811494-05');
INSERT INTO public.centros_operacion VALUES ('bc97dd0f-de24-45df-b7db-d5350bf6127e', 'e957ebf8-9753-414d-82f0-38df2cfe4a71', 'CAFE QUINDIO EXPR. PLAZA BOLIVAR BOGOTA', true, '2026-01-15 16:52:03.811496-05', '2026-01-15 16:52:03.811497-05');
INSERT INTO public.centros_operacion VALUES ('5259d2c9-1235-44eb-abea-3deb77ebcde5', 'e957ebf8-9753-414d-82f0-38df2cfe4a71', 'CAFE QUINDIO EXPRESS ARKADIA', true, '2026-01-15 16:52:03.811499-05', '2026-01-15 16:52:03.8115-05');
INSERT INTO public.centros_operacion VALUES ('8600f1e1-8f94-4ad7-8bca-7a257c8b4b10', 'e957ebf8-9753-414d-82f0-38df2cfe4a71', 'CAFE QUINDIO EXPRESS PLAZA CLARO BOGOTA', true, '2026-01-15 16:52:03.811503-05', '2026-01-15 16:52:03.811504-05');
INSERT INTO public.centros_operacion VALUES ('4b2ddb8e-ab32-44fa-8a7e-8246f25f951c', 'e957ebf8-9753-414d-82f0-38df2cfe4a71', 'CAFE QUINDIO EXPRESS BUENAVISTA BARRANQ', true, '2026-01-15 16:52:03.811506-05', '2026-01-15 16:52:03.811507-05');
INSERT INTO public.centros_operacion VALUES ('6e1fd6ce-c7c4-4d3e-96f5-38d3a194e644', 'e957ebf8-9753-414d-82f0-38df2cfe4a71', 'CAFE QUINDIO EXPRES BOCAGRANDE CARTAGENA', true, '2026-01-15 16:52:03.811509-05', '2026-01-15 16:52:03.81151-05');
INSERT INTO public.centros_operacion VALUES ('f31e4538-b446-4e61-94b2-0fadcecba60c', 'e957ebf8-9753-414d-82f0-38df2cfe4a71', 'CAFE QUINDIO EXPRES SERREZUELA CARTAGENA', true, '2026-01-15 16:52:03.811512-05', '2026-01-15 16:52:03.811513-05');
INSERT INTO public.centros_operacion VALUES ('62a115f4-1eb5-4ec5-8f9a-fa0f2188272d', 'e957ebf8-9753-414d-82f0-38df2cfe4a71', 'CAFE QUINDIO EXPRESS UNICO OUTLET BAQ', true, '2026-01-15 16:52:03.811515-05', '2026-01-15 16:52:03.811516-05');
INSERT INTO public.centros_operacion VALUES ('e35a37c9-5d97-491a-9e4d-dbd44b57d144', 'e957ebf8-9753-414d-82f0-38df2cfe4a71', 'CAFE QUINDIO EXPRESS FLORIDA GARDEN', true, '2026-01-15 16:52:03.811518-05', '2026-01-15 16:52:03.811519-05');
INSERT INTO public.centros_operacion VALUES ('96297335-c485-4ffb-b400-f07a408fea31', 'e957ebf8-9753-414d-82f0-38df2cfe4a71', 'CAFE QUINDIO EXPRESS C.C.FUNDADORES', true, '2026-01-15 16:52:03.811522-05', '2026-01-15 16:52:03.811522-05');
INSERT INTO public.centros_operacion VALUES ('dedb6cb3-31f6-4b8a-9372-48dd06f2afc1', 'e957ebf8-9753-414d-82f0-38df2cfe4a71', 'CAFE QUINDIO EXPRESS MALL PLAZA', true, '2026-01-15 16:52:03.811525-05', '2026-01-15 16:52:03.811526-05');
INSERT INTO public.centros_operacion VALUES ('685fe3b4-9d2a-4189-990f-d0710a97f9db', 'e957ebf8-9753-414d-82f0-38df2cfe4a71', 'CAFE QUINDIO EXPRESS SALENTO', true, '2026-01-15 16:52:03.811528-05', '2026-01-15 16:52:03.811529-05');
INSERT INTO public.centros_operacion VALUES ('f863abb4-2d42-45c8-a97e-f9f321e50ae1', 'e957ebf8-9753-414d-82f0-38df2cfe4a71', 'CAFE QUINDIO EXPRESS AEROPUERTO MATECAÑA', true, '2026-01-15 16:52:03.811532-05', '2026-01-15 16:52:03.811532-05');
INSERT INTO public.centros_operacion VALUES ('f8857bf3-a7c9-4ecb-9356-e520d240d49c', 'e957ebf8-9753-414d-82f0-38df2cfe4a71', 'CAFE QUINDIO EXPRESS MALL PARAISO ARM.', true, '2026-01-15 16:52:03.811535-05', '2026-01-15 16:52:03.811536-05');
INSERT INTO public.centros_operacion VALUES ('ef6d4f77-22b6-45e0-a611-e649f356e13a', 'e957ebf8-9753-414d-82f0-38df2cfe4a71', 'CAFE QUINDIO EXPRESS UNICENTRO 2 ARMENIA', true, '2026-01-15 16:52:03.811538-05', '2026-01-15 16:52:03.811539-05');
INSERT INTO public.centros_operacion VALUES ('210b37c9-ec4b-4f6f-8ee5-9fa18fa60341', 'e957ebf8-9753-414d-82f0-38df2cfe4a71', 'CAFE QUINDIO EXPRESS PORTAL DEL QUINDÍO', true, '2026-01-15 16:52:03.811541-05', '2026-01-15 16:52:03.811542-05');
INSERT INTO public.centros_operacion VALUES ('58dcca67-0cc0-4f3b-9508-3ac3e1a93cf7', 'e957ebf8-9753-414d-82f0-38df2cfe4a71', 'CAFE QUINDIO EXPRES FILANDIA', true, '2026-01-15 16:52:03.811544-05', '2026-01-15 16:52:03.811545-05');
INSERT INTO public.centros_operacion VALUES ('8c7a81d4-2572-45d3-b760-f609d8070678', 'e957ebf8-9753-414d-82f0-38df2cfe4a71', 'CAFE QUINDIO EXPRESS UNICENTRO ARMENIA', true, '2026-01-15 16:52:03.811547-05', '2026-01-15 16:52:03.811548-05');
INSERT INTO public.centros_operacion VALUES ('b25e8a75-b642-4dbb-b866-67a2375e00c1', 'e957ebf8-9753-414d-82f0-38df2cfe4a71', 'CAFE QUINDIO EXPRESS CAU FILANDIA', true, '2026-01-15 16:52:03.81155-05', '2026-01-15 16:52:03.811551-05');
INSERT INTO public.centros_operacion VALUES ('98d20d9b-03bf-4b59-95aa-ba17a5be3eaf', 'e957ebf8-9753-414d-82f0-38df2cfe4a71', 'CAFE QUINDIO EXPRESS SANTAFE MED', true, '2026-01-15 16:52:03.811554-05', '2026-01-15 16:52:03.811555-05');
INSERT INTO public.centros_operacion VALUES ('6d58a854-b18a-4e12-b5a1-bbdd0524068d', 'e957ebf8-9753-414d-82f0-38df2cfe4a71', 'CAFE QUINDIO EXPRESS CENCO LIMONAR', true, '2026-01-15 16:52:03.811559-05', '2026-01-15 16:52:03.81156-05');
INSERT INTO public.centros_operacion VALUES ('a497f371-464b-4d78-9391-f7eefa1706ec', 'e957ebf8-9753-414d-82f0-38df2cfe4a71', 'CAFE QUINDIO EXPRESS JARDIN PLAZA CALI', true, '2026-01-15 16:52:03.811562-05', '2026-01-15 16:52:03.811563-05');
INSERT INTO public.centros_operacion VALUES ('47f5a0e2-94df-4076-8115-3efc5dca539d', 'e957ebf8-9753-414d-82f0-38df2cfe4a71', 'CAFE QUINDIO EXPRESS TAMBO EL EDEN', true, '2026-01-15 16:52:03.811566-05', '2026-01-15 16:52:03.811566-05');
INSERT INTO public.centros_operacion VALUES ('ac5dba5a-7718-4bd4-b1ae-0945de3f26eb', 'e957ebf8-9753-414d-82f0-38df2cfe4a71', 'CAFE QUINDIO CHIPICHAPE', true, '2026-01-15 16:52:03.811569-05', '2026-01-15 16:52:03.81157-05');
INSERT INTO public.centros_operacion VALUES ('c28d1974-164a-451f-bfbc-e1adeedceea2', 'e957ebf8-9753-414d-82f0-38df2cfe4a71', 'CAFE QUINDIO PANCE CAÑAVERAL', true, '2026-01-15 16:52:03.811572-05', '2026-01-15 16:52:03.811573-05');
INSERT INTO public.centros_operacion VALUES ('e747e2f1-3d35-48f5-8cd5-9c2b796eb6cc', 'e957ebf8-9753-414d-82f0-38df2cfe4a71', 'CAFE QUINDIO EXPRESS PARQUE ARBOLEDA', true, '2026-01-15 16:52:03.811575-05', '2026-01-15 16:52:03.811576-05');
INSERT INTO public.centros_operacion VALUES ('74c3fd6d-1b7b-493a-9719-1dd80991965a', 'e957ebf8-9753-414d-82f0-38df2cfe4a71', 'CAFE QUINDIO EXPRESS GRANADA CALI', true, '2026-01-15 16:52:03.811578-05', '2026-01-15 16:52:03.811579-05');
INSERT INTO public.centros_operacion VALUES ('b82b5a59-3ba8-4e70-a11d-ac31b0df0542', 'e957ebf8-9753-414d-82f0-38df2cfe4a71', 'CAFE QUINDIO EXPRESS BUENAVISTA 2', true, '2026-01-15 16:52:03.811581-05', '2026-01-15 16:52:03.811582-05');
INSERT INTO public.centros_operacion VALUES ('36d3d49d-cafc-4853-b141-b9a43fb94c59', 'e957ebf8-9753-414d-82f0-38df2cfe4a71', 'CAFE QUINDIO EXPRESS C.C VIVE TUNJA', true, '2026-01-15 16:52:03.811585-05', '2026-01-15 16:52:03.811585-05');
INSERT INTO public.centros_operacion VALUES ('3d0ca1fa-0d0f-4f39-a4e5-aadd54ce0289', 'e957ebf8-9753-414d-82f0-38df2cfe4a71', 'CAFE QUINDIO EXPRESS NOGALES BOGOTA', true, '2026-01-15 16:52:03.811588-05', '2026-01-15 16:52:03.811589-05');
INSERT INTO public.centros_operacion VALUES ('c583841c-1da7-4d17-b1e6-d325652f84cb', 'e957ebf8-9753-414d-82f0-38df2cfe4a71', 'CAFE QUINDIO EXPRESS EDIFICIO BD-BACATA', true, '2026-01-15 16:52:03.811591-05', '2026-01-15 16:52:03.811592-05');
INSERT INTO public.centros_operacion VALUES ('9535618c-11b6-41d3-a704-eaed7a5d7a3b', 'e957ebf8-9753-414d-82f0-38df2cfe4a71', 'CAFE QUINDIO EXPRESS TAMBO EL PRIVILEGIO', true, '2026-01-15 16:52:03.811594-05', '2026-01-15 16:52:03.811595-05');
INSERT INTO public.centros_operacion VALUES ('c7a2592a-8d85-49f1-820a-9c6a7883979f', 'e957ebf8-9753-414d-82f0-38df2cfe4a71', 'CAFE QUINDIO EXPRESS PLAZA ESTRELLA', true, '2026-01-15 16:52:03.811597-05', '2026-01-15 16:52:03.811598-05');
INSERT INTO public.centros_operacion VALUES ('c53821aa-389d-4f13-a9c2-6e70ef215c1b', 'e957ebf8-9753-414d-82f0-38df2cfe4a71', 'GERENCIA DE TIENDAS', true, '2026-01-15 16:52:03.8116-05', '2026-01-15 16:52:03.811601-05');
INSERT INTO public.centros_operacion VALUES ('6ef8d0f6-fdb9-4b3d-b507-7339d01b4775', 'e957ebf8-9753-414d-82f0-38df2cfe4a71', 'CAFE QUINDIO EXPRESS CC SANTAFE BOGOTA', true, '2026-01-15 16:52:03.811604-05', '2026-01-15 16:52:03.811604-05');
INSERT INTO public.centros_operacion VALUES ('20dcfc8b-5a7c-45ed-a270-0db3b8adf0c4', 'e957ebf8-9753-414d-82f0-38df2cfe4a71', 'CAFE QUINDIO EXPRESS CERRITOS DE MAR', true, '2026-01-15 16:52:03.811607-05', '2026-01-15 16:52:03.811608-05');
INSERT INTO public.centros_operacion VALUES ('71edae10-37be-40dd-866e-93a4a92e96c0', 'e957ebf8-9753-414d-82f0-38df2cfe4a71', 'CAFE QUINDIO EXPRESS TAMBO LA MANUELA', true, '2026-01-15 16:52:03.81161-05', '2026-01-15 16:52:03.811611-05');
INSERT INTO public.centros_operacion VALUES ('d09658d3-dce4-4833-8819-d80e2dc93dc7', 'e957ebf8-9753-414d-82f0-38df2cfe4a71', 'CAFE QUINDIO EXPRESS OFIC BAVARIA', true, '2026-01-15 16:52:03.811613-05', '2026-01-15 16:52:03.811614-05');
INSERT INTO public.centros_operacion VALUES ('ed3ddfd3-a25e-4475-9e64-f3469605ef10', 'e957ebf8-9753-414d-82f0-38df2cfe4a71', 'CAFE QUINDIO EXPRESS CARIBE', true, '2026-01-15 16:52:03.811616-05', '2026-01-15 16:52:03.811617-05');
INSERT INTO public.centros_operacion VALUES ('8ced3e42-1ccd-47c0-846b-5ddb07330c05', 'e957ebf8-9753-414d-82f0-38df2cfe4a71', 'CAFE QUINDIO EXPRESS C.C UNICENTRO TUNJA', true, '2026-01-15 16:52:03.811619-05', '2026-01-15 16:52:03.81162-05');
INSERT INTO public.centros_operacion VALUES ('ca1e2a7b-15e2-4acf-8ac6-1a19b9fdedec', 'e957ebf8-9753-414d-82f0-38df2cfe4a71', 'CAFE QUINDIO EXPRESS CERRITOS PEREIRA', true, '2026-01-15 16:52:03.811623-05', '2026-01-15 16:52:03.811624-05');
INSERT INTO public.centros_operacion VALUES ('82ac1a35-0cc8-4771-bee1-51b027aa8d4b', 'e957ebf8-9753-414d-82f0-38df2cfe4a71', 'CAFE QUINDIO ARBOLEDA2', true, '2026-01-15 16:52:03.811626-05', '2026-01-15 16:52:03.811627-05');
INSERT INTO public.centros_operacion VALUES ('4ffa9015-fa50-411d-a4ed-faf7e897f123', 'e957ebf8-9753-414d-82f0-38df2cfe4a71', 'CAFE QUINDIO EXPRESS UNICENTRO PEREIRA', true, '2026-01-15 16:52:03.811629-05', '2026-01-15 16:52:03.81163-05');
INSERT INTO public.centros_operacion VALUES ('84cb26e6-a4cc-4724-aa04-eb4c951a01a3', 'e957ebf8-9753-414d-82f0-38df2cfe4a71', 'CAFE QUINDIO EXPRESS CLINICA CENTRAL', true, '2026-01-15 16:52:03.811633-05', '2026-01-15 16:52:03.811634-05');
INSERT INTO public.centros_operacion VALUES ('8039aa63-1a93-41ed-b9d2-c50cb4659cec', 'e957ebf8-9753-414d-82f0-38df2cfe4a71', 'CAFE QUINDIO EXPRESS AEROPUERTO EL EDEN', true, '2026-01-15 16:52:03.811639-05', '2026-01-15 16:52:03.81164-05');
INSERT INTO public.centros_operacion VALUES ('7e0ca44d-0cb0-44ad-9adf-8cf7808eb927', 'e957ebf8-9753-414d-82f0-38df2cfe4a71', 'CAFE QUINDIO EXPRESS FABRICA SAN PEDRO', true, '2026-01-15 16:52:03.811642-05', '2026-01-15 16:52:03.811643-05');
INSERT INTO public.centros_operacion VALUES ('ad045202-021d-4568-bd72-cbe143aeac9b', 'e957ebf8-9753-414d-82f0-38df2cfe4a71', 'CAFE QUINDIO EXPRESS CENTRO CONVENCIONES', true, '2026-01-15 16:52:03.811645-05', '2026-01-15 16:52:03.811646-05');
INSERT INTO public.centros_operacion VALUES ('31c29575-6bb1-405d-a125-1132e6b62622', '617298b8-ee99-4ee3-8596-c63d03518567', 'GERENCIA FINANCIERA', true, '2026-01-15 16:52:56.483244-05', '2026-01-15 16:52:56.483248-05');
INSERT INTO public.centros_operacion VALUES ('4acd9fb8-f28d-4c51-8e61-ae5eb85015bf', '617298b8-ee99-4ee3-8596-c63d03518567', 'TESORERIA', true, '2026-01-15 16:53:05.032153-05', '2026-01-15 16:53:05.032156-05');
INSERT INTO public.centros_operacion VALUES ('485a1f43-7470-4a2f-a1db-4e60c02fedf4', '617298b8-ee99-4ee3-8596-c63d03518567', 'CONTABILIDAD', true, '2026-01-15 16:53:10.140815-05', '2026-01-15 16:53:10.140818-05');
INSERT INTO public.centros_operacion VALUES ('5ce751b0-8349-43cb-aeb0-24953a3f402d', '617298b8-ee99-4ee3-8596-c63d03518567', 'COMPRAS', true, '2026-01-15 16:53:14.841813-05', '2026-01-15 16:53:14.841819-05');
INSERT INTO public.centros_operacion VALUES ('e8c7b864-1c4b-4349-a1c1-61691aae304b', '617298b8-ee99-4ee3-8596-c63d03518567', 'CARTERA', true, '2026-01-15 16:53:19.454913-05', '2026-01-15 16:53:19.454915-05');
INSERT INTO public.centros_operacion VALUES ('ef8bde89-3964-459b-a9fb-d8865ab9ba86', '617298b8-ee99-4ee3-8596-c63d03518567', 'IMPUESTOS', true, '2026-01-15 16:53:23.656592-05', '2026-01-15 16:53:23.656595-05');
INSERT INTO public.centros_operacion VALUES ('5d8134cc-1575-43ac-b24f-ff4cde5a308a', 'dc84399a-6693-4087-ad84-4ea1d32697c7', 'GERENCIA GENERAL', true, '2026-01-15 16:53:48.349445-05', '2026-01-15 16:53:48.349448-05');
INSERT INTO public.centros_operacion VALUES ('33c04da0-7d11-4513-ac14-45218dca12e6', '4204299e-7d93-4cac-baad-4f7538d91982', 'LOGISTICA', true, '2026-01-15 16:54:22.306051-05', '2026-01-15 16:54:22.306054-05');
INSERT INTO public.centros_operacion VALUES ('0ab4a32f-1481-496b-b78f-76d83926e18e', '4204299e-7d93-4cac-baad-4f7538d91982', 'PLANEACION', true, '2026-01-15 16:54:27.973603-05', '2026-01-15 16:54:27.973606-05');
INSERT INTO public.centros_operacion VALUES ('2a5ac95d-27e4-4a93-b027-ec880188480e', '4204299e-7d93-4cac-baad-4f7538d91982', 'GERENCIA OPERACIONES', true, '2026-01-15 16:54:33.171949-05', '2026-01-15 16:54:33.171951-05');
INSERT INTO public.centros_operacion VALUES ('db0355ef-4ce9-41bc-896d-41fe69a239a6', '35bb3889-72d8-4dbf-a842-ffecfeff779b', 'PLANTA CAFE MOD', true, '2026-01-15 16:55:16.314149-05', '2026-01-15 16:55:16.314155-05');
INSERT INTO public.centros_operacion VALUES ('d9c39d04-59dc-45ea-82ff-6d024fa8b824', '35bb3889-72d8-4dbf-a842-ffecfeff779b', 'PLANTA PASTELERIA MOD', true, '2026-01-15 16:55:25.963532-05', '2026-01-15 16:55:25.963535-05');
INSERT INTO public.centros_operacion VALUES ('55d4c328-ac23-4b91-b84c-13c7671ee368', '35bb3889-72d8-4dbf-a842-ffecfeff779b', 'PLANTA MERENGUES Y GALLETAS MOD', true, '2026-01-15 16:55:34.300042-05', '2026-01-15 16:55:34.300047-05');
INSERT INTO public.centros_operacion VALUES ('82ae9d06-c1cd-41ec-80c5-dc9efa54f5d3', '35bb3889-72d8-4dbf-a842-ffecfeff779b', 'PLANTA CAFE MOI', true, '2026-01-15 16:55:42.352621-05', '2026-01-15 16:55:42.352623-05');
INSERT INTO public.centros_operacion VALUES ('17ff4852-d0df-4bc3-93f6-0f2eab7fd2dc', '35bb3889-72d8-4dbf-a842-ffecfeff779b', 'PLANTA MERENGUES Y GALLETAS MOI', true, '2026-01-15 16:55:48.446907-05', '2026-01-15 16:55:48.44691-05');
INSERT INTO public.centros_operacion VALUES ('b8644a23-21e7-4b57-bb58-a27538bb5e59', '35bb3889-72d8-4dbf-a842-ffecfeff779b', 'PLANTA PASTELERIA MOI', true, '2026-01-15 16:55:55.608743-05', '2026-01-15 16:55:55.608747-05');
INSERT INTO public.centros_operacion VALUES ('6aa97e76-7848-4eb9-bada-d5e8871e0180', '35bb3889-72d8-4dbf-a842-ffecfeff779b', 'CONTROL CALIDAD', true, '2026-01-15 16:56:02.022886-05', '2026-01-15 16:56:02.022889-05');
INSERT INTO public.centros_operacion VALUES ('5a0f179e-ca19-441e-a926-007ff26524ec', 'fcfb2d9a-698d-41ec-86ef-7a4b42c42c7f', 'PRESIDENCIA', true, '2026-01-15 16:56:35.975451-05', '2026-01-15 16:56:35.975455-05');
INSERT INTO public.centros_operacion VALUES ('5b41591c-c2d6-4ba1-9bd5-751cd98cfdd4', 'fe752a85-8d34-4846-af22-3edd64c0f698', 'RESTAURANTE CAFE QUINDIO GOURMET', true, '2026-01-15 16:56:56.156212-05', '2026-01-15 16:56:56.156214-05');


--
-- TOC entry 5110 (class 0 OID 16405)
-- Dependencies: 222
-- Data for Name: estados; Type: TABLE DATA; Schema: public; Owner: postgres
--

INSERT INTO public.estados VALUES (4, 'pendiente', 'Pendiente', 4, false, true);
INSERT INTO public.estados VALUES (5, 'cerrada', 'Cerrada', 5, true, true);
INSERT INTO public.estados VALUES (7, 'Tesoreria', 'Pendiente en Tesoreria', 6, false, true);
INSERT INTO public.estados VALUES (2, 'asignada', 'Asignada a responsable', 2, false, true);
INSERT INTO public.estados VALUES (3, '2', 'Pendiente en contabilidad', 2, false, true);
INSERT INTO public.estados VALUES (1, 'recibida', 'Recibida por facturación', 1, false, true);


--
-- TOC entry 5118 (class 0 OID 24695)
-- Dependencies: 230
-- Data for Name: roles; Type: TABLE DATA; Schema: public; Owner: postgres
--

INSERT INTO public.roles VALUES ('e30bbd3c-8d56-4d67-ad2f-7e538ce982a5', 'admin', 'Administrador', 'Acceso completo al sistema, puede gestionar usuarios, áreas y todas las funcionalidades', true, '2025-12-30 08:01:41.43831-05', '2025-12-30 08:01:41.43831-05');
INSERT INTO public.roles VALUES ('263f80a9-102c-47b3-bfa4-9ef2e9b994a5', 'responsable', 'Responsable de Área', 'Puede ver y gestionar facturas asignadas a su área', true, '2025-12-30 08:01:41.43831-05', '2025-12-30 08:01:41.43831-05');
INSERT INTO public.roles VALUES ('e94825b7-39fa-4aad-8783-2b9b7ec63436', 'contabilidad', 'Contabilidad', 'Acceso a módulos de contabilidad y revisión de facturas', true, '2025-12-30 08:01:41.43831-05', '2025-12-30 08:01:41.43831-05');
INSERT INTO public.roles VALUES ('22db2071-2105-4411-9cbd-781c473e5972', 'tesoreria', 'Tesorería', 'Acceso a módulos de tesorería y gestión de pagos', true, '2025-12-30 08:01:41.43831-05', '2025-12-30 08:01:41.43831-05');
INSERT INTO public.roles VALUES ('d534cf8e-792a-462a-8447-ecf1812962ac', 'fact', 'Facturacion', 'Acceso solo a la parte global del sistema', true, '2025-12-30 13:04:09.083392-05', '2025-12-30 13:04:09.083401-05');
INSERT INTO public.roles VALUES ('fef8f606-fccb-4d53-90ed-7b7401cf8c2d', 'direccion', 'Directora Contabilidad', 'Acceso a el centro documental de todas las facturas', true, '2026-01-05 13:52:39.616146-05', '2026-01-05 13:52:39.616211-05');


--
-- TOC entry 5111 (class 0 OID 16420)
-- Dependencies: 223
-- Data for Name: users; Type: TABLE DATA; Schema: public; Owner: postgres
--

INSERT INTO public.users VALUES ('117e0f66-848a-4c03-be05-5349fb939f6b', 'Usuario Desarrollo', 'dev@contabilidad.com', '4b8fd4c9-9e10-4af4-9a1b-b54c6fe3d5f0', '$2b$12$lOu8Dm0jE9z0zQQIyNMEb.WiQxBHD5XHKf8wzkOPDE9zi0OVTk6VO', true, '2025-12-22 21:20:58.574936-05', '2025-12-22 21:20:58.574943-05', 'e30bbd3c-8d56-4d67-ad2f-7e538ce982a5');
INSERT INTO public.users VALUES ('60298749-3aac-4cc6-af05-3a489d008ccb', 'Responsable Sistema Integrado de Gestión', 'sig@cafequindio.com.co', '4003bea2-fa56-44eb-b79f-b948bc3eb715', '$2b$12$m3wvn/61mkQkfGFM/JPRROKP1DQ5xOQFSiSVpz2KZqAVxSkcqHd96', true, '2026-01-15 15:55:48.186716-05', '2026-01-15 15:55:48.186719-05', '263f80a9-102c-47b3-bfa4-9ef2e9b994a5');
INSERT INTO public.users VALUES ('1fce838e-833e-4ea9-b2fc-94fc6ae43803', 'Samuel Responsable', 'responsable@cafequindio.com', '00ea89d6-c6e6-427c-a86e-abbdfd77ef68', '$2b$12$q.ppYLDX914Dyyx2tFe8u.FYwih4LOutKMaYiLFPN4SR6XGFqM/Jm', true, '2025-12-30 13:25:13.882423-05', '2025-12-30 13:25:13.882432-05', '263f80a9-102c-47b3-bfa4-9ef2e9b994a5');
INSERT INTO public.users VALUES ('15d7b2c4-d4fa-4118-94a2-a0bd6782a2b7', 'Camilo Contabilidad', 'Contabilidad@cafequindio.com', '725f5e5a-49d3-4e44-800f-f5ff21e187ac', '$2b$12$3/W3XTk1cGzf4ngS0SKUo.gl537HkHHyJ8D0dqPn1YbFeJO/4oYaC', true, '2025-12-30 13:43:52.541661-05', '2025-12-30 13:43:52.541664-05', 'e94825b7-39fa-4aad-8783-2b9b7ec63436');
INSERT INTO public.users VALUES ('6d1d75fd-9db5-42ea-9b90-6d691aae848e', 'Lina tesoreria', 'tesoreria@cafequindio.com', 'b067adcd-13ff-420f-9389-42bfaa78cf9f', '$2b$12$3X7UnkGHO5R..7n8wI6b.O.4NDm4OKrbVA8ET/08D3tuU1n.7tor2', true, '2025-12-30 13:45:25.677602-05', '2025-12-30 13:45:25.677607-05', '22db2071-2105-4411-9cbd-781c473e5972');
INSERT INTO public.users VALUES ('5c083720-152f-4994-9bce-d89e530ecfff', 'Jiame Operaciones', 'Operaciones@cafequindio.com', '39ae3593-128b-46f7-93e5-4d4fde84745b', '$2b$12$r0501w6DEZ19oYitvCvk7ubyyfh8MbEqMtsGGxIvbYqAd73uxnHxK', true, '2025-12-30 16:04:29.54564-05', '2025-12-30 16:04:29.54565-05', '263f80a9-102c-47b3-bfa4-9ef2e9b994a5');
INSERT INTO public.users VALUES ('646ac809-6942-4a27-aa17-a72d6c29fe81', 'Nathalie Jhojana Rojas', 'contabilidad@cafequindio.com.co', '0bf3a60f-daa5-470f-8791-c1369d6e26bf', '$2b$12$A3GdpM4/pizfc4PViqISo.zogThUvg5ZAFLZvagsOEUp1EJ8NjCke', true, '2026-01-05 13:54:56.787061-05', '2026-01-05 13:54:56.787073-05', 'fef8f606-fccb-4d53-90ed-7b7401cf8c2d');
INSERT INTO public.users VALUES ('127e4709-c7f5-4dc0-b751-40099824b873', 'Nathalie Jhojana Rojas', 'Directora@cafequindio.com', '0bf3a60f-daa5-470f-8791-c1369d6e26bf', '$2b$12$EeGKtaboYBnwF6gVXllTI.fOMQQqb6VdEkexZM/yx01f68D9L9BCy', true, '2025-12-30 12:50:40.331785-05', '2026-01-05 15:27:46.687355-05', 'fef8f606-fccb-4d53-90ed-7b7401cf8c2d');
INSERT INTO public.users VALUES ('24c529cd-f587-4076-8d9e-4e38c743cb0a', 'Marlin CQ', 'facturacionCQ@cafequindio.com', '498e9fdb-25f5-42f9-beb8-92564ab6bdf4', '$2b$12$7nOSj.kRDrK0NKMR0esOPeJvIOqxKQAacWqf42klmIpC92RmCtgfG', true, '2026-01-05 15:48:44.654477-05', '2026-01-05 15:48:44.654481-05', 'd534cf8e-792a-462a-8447-ecf1812962ac');
INSERT INTO public.users VALUES ('e58afb6b-b35e-4444-8e4f-b1de1c8903cb', 'Juan Falla CQ', 'Mantenimiento@cafequindio.com', '4b8fd4c9-9e10-4af4-9a1b-b54c6fe3d5f0', '$2b$12$JxsEim/Vd01qlpQm65g2Zu89kE.A3Kc8azS7uy5tUeEXeAlOlbhLO', true, '2026-01-05 16:19:36.16617-05', '2026-01-05 16:19:36.166176-05', '263f80a9-102c-47b3-bfa4-9ef2e9b994a5');
INSERT INTO public.users VALUES ('6674271e-37bc-4414-b4c0-ece8a6be3166', 'Responsable Tesorería', 'tesoreria@cafequindio.com.co', 'b067adcd-13ff-420f-9389-42bfaa78cf9f', '$2b$12$qcWa0DERxfLX5CHARHPV2uLOUn5wP/k9w8E..wmZXoGYVI8FAnTYO', true, '2026-01-15 15:57:01.386483-05', '2026-01-15 15:57:01.386486-05', '22db2071-2105-4411-9cbd-781c473e5972');
INSERT INTO public.users VALUES ('1f29b27d-9400-4038-bcb4-cdbb10709197', 'Responsable TIC', 'tic@cafequindio.com.co', '7140c3ef-f889-4b2e-9481-20d04efc60dc', '$2b$12$GA5c43MeKkVIM2mTh9dpyuZ8wOQwK.OLOeahQxfw75PqumoA/IXKu', true, '2026-01-15 15:57:44.436499-05', '2026-01-15 15:57:44.436502-05', '263f80a9-102c-47b3-bfa4-9ef2e9b994a5');
INSERT INTO public.users VALUES ('1d346e46-bae7-4e38-a4fd-8e1db68ca1d2', 'Responsable PORTAL DEL QUINDIO', 'tienda.portal-del-quindio@cafequindio.com.co', '18f3a636-65fd-4c76-b2d3-438bd11ab71a', '$2b$12$eafMcLTVvr/kpBad2qDUDOjKhHiZ7Nsf/1CjQYvutlzb1SiW1E/2q', true, '2026-01-15 16:12:46.302964-05', '2026-01-15 16:12:46.302969-05', '263f80a9-102c-47b3-bfa4-9ef2e9b994a5');
INSERT INTO public.users VALUES ('70efd166-41d5-4003-94fe-cef82cd5b4d0', 'Responsable UNICENTRO ARMENIA', 'tienda.unicentro-armenia@cafequindio.com.co', '18f3a636-65fd-4c76-b2d3-438bd11ab71a', '$2b$12$Xegz0ZegC8el4gVJuiwgDOFWMHvTFH9.uLjy9vO.oeO3Qa8OPkJQq', true, '2026-01-15 16:13:03.183605-05', '2026-01-15 16:13:03.183609-05', '263f80a9-102c-47b3-bfa4-9ef2e9b994a5');
INSERT INTO public.users VALUES ('4f3443d6-7e8e-4c09-948c-4ccdbd3e503d', 'Responsable CLINICA CENTRAL', 'tienda.clinica-central@cafequindio.com.co', '18f3a636-65fd-4c76-b2d3-438bd11ab71a', '$2b$12$AryjkePVKkH.21vK4OI/Be/Qcts6Ph/FX5tX8H.K9NFBCHT.dI.92', true, '2026-01-15 16:13:19.948665-05', '2026-01-15 16:13:19.948669-05', '263f80a9-102c-47b3-bfa4-9ef2e9b994a5');
INSERT INTO public.users VALUES ('aa2c3829-98f2-4949-910e-951c5c4d4a9f', 'Responsable AEROPUERTO EDEN', 'tienda.aeropuerto-eden@cafequindio.com.co', '18f3a636-65fd-4c76-b2d3-438bd11ab71a', '$2b$12$LHC3IJHyhzOqtDrNB1PQyuP62T34.BHdJVVo9Twe9aoeNQrdKZqMK', true, '2026-01-15 16:14:26.564075-05', '2026-01-15 16:14:26.564078-05', '263f80a9-102c-47b3-bfa4-9ef2e9b994a5');
INSERT INTO public.users VALUES ('bee34854-f8c2-4f15-82f4-f414fc33b9c1', 'Responsable TAMBO FILANDIA', 'tienda.tambo-filandia@cafequindio.com.co', '18f3a636-65fd-4c76-b2d3-438bd11ab71a', '$2b$12$Ka4wi6k7..qGXK.1GLstIeCq0ChoR2r3.30WrZ13p3o97y9roC8jS', true, '2026-01-15 16:14:45.553938-05', '2026-01-15 16:14:45.553941-05', '263f80a9-102c-47b3-bfa4-9ef2e9b994a5');
INSERT INTO public.users VALUES ('bc7d862d-b5ca-4c8b-9daa-fec32cb260e2', 'Responsable SALENTO', 'tienda.salento@cafequindio.com.co', '18f3a636-65fd-4c76-b2d3-438bd11ab71a', '$2b$12$dDw2JYsubQ/UpsRe6x8E7.WW4D20zQn4Ihvl/HnPLbVrS744GSfuq', true, '2026-01-15 16:15:03.240321-05', '2026-01-15 16:15:03.240324-05', '263f80a9-102c-47b3-bfa4-9ef2e9b994a5');
INSERT INTO public.users VALUES ('1bca816a-a949-4a6e-af54-37c2a29422fa', 'Responsable MALL PARAISO', 'tienda.mall-paraiso@cafequindio.com.co', '18f3a636-65fd-4c76-b2d3-438bd11ab71a', '$2b$12$wRGSXh9yn44LWyXJ4VY5..aSTi94YbNKlfn9UR0rSxXafZRCGvYUe', true, '2026-01-15 16:15:19.555742-05', '2026-01-15 16:15:19.555747-05', '263f80a9-102c-47b3-bfa4-9ef2e9b994a5');
INSERT INTO public.users VALUES ('0787ce45-598b-4b4d-99d3-e99b82290967', 'Responsable FILANDIA', 'tienda.filandia@cafequindio.com.co', '18f3a636-65fd-4c76-b2d3-438bd11ab71a', '$2b$12$JoSeGERnBuKsGl9AnFjP1OiJ3xZ9XuDU2zBwNE4/L66/Kpr21XvZO', true, '2026-01-15 16:15:34.0986-05', '2026-01-15 16:15:34.098603-05', '263f80a9-102c-47b3-bfa4-9ef2e9b994a5');
INSERT INTO public.users VALUES ('62ddb4c0-7541-4ae8-a9c9-775e5566a2fb', 'Responsable Arquitectura', 'arq@cafequindio.com.co', '00ea89d6-c6e6-427c-a86e-abbdfd77ef68', '$2b$12$4VS7ojszUeyZVyohYm.1cuJjE2WRzYDnyY/oipbNf0FfOaxtRNkx6', true, '2026-01-15 15:49:47.311398-05', '2026-01-15 15:49:47.311401-05', '263f80a9-102c-47b3-bfa4-9ef2e9b994a5');
INSERT INTO public.users VALUES ('41a95e09-2655-4cc7-959a-468d55daa12e', 'Responsable Asistencia Administrativa', 'adm@cafequindio.com.co', '9ae838ae-c640-4235-9b5e-afb5ca1252cf', '$2b$12$G2.ccrc3X/lm9zj2xm/Z3e59RQsxRPXHUEixlCRv2tup3/SE5LPM6', true, '2026-01-15 15:50:31.758287-05', '2026-01-15 15:50:31.758291-05', '263f80a9-102c-47b3-bfa4-9ef2e9b994a5');
INSERT INTO public.users VALUES ('3042ce39-e7e1-45b6-8b74-806e1620df5a', 'Responsable Calidad', 'direcciondecalidad@cafequindio.com.co', '96bdb32d-10b9-4f70-b357-d9c30a611828', '$2b$12$51Mc5R24vwuj9MbHNQnLqO/A5K5spaur28/6gKnDOXHQo2xDAcC7a', true, '2026-01-15 15:51:23.944631-05', '2026-01-15 15:51:23.944633-05', '263f80a9-102c-47b3-bfa4-9ef2e9b994a5');
INSERT INTO public.users VALUES ('b83f3793-1b6a-4610-9848-7eec8d181381', 'Responsable Calidad de Café', 'calidadcafe@cafequindio.com.co', 'bdda6301-a6d4-4e59-b274-80395050de9c', '$2b$12$y/3xJ.jzygAgvUs1x/TtTe8pro/wPQcMufZYeKX8vjSopc4eUlFsi', true, '2026-01-15 15:51:54.245047-05', '2026-01-15 15:51:54.245051-05', '263f80a9-102c-47b3-bfa4-9ef2e9b994a5');
INSERT INTO public.users VALUES ('4f2e5e00-e950-4e11-9484-2d6b2010eadf', 'Responsable Cedi', 'cedi@cafequindio.com.co', 'fc127d0c-0fae-4847-a882-294a3e0622a7', '$2b$12$HOoSIjgTmoDjULn9GNmsG./U1BtYsO6jCLHcZdiu6PvYnk75B6oDW', true, '2026-01-15 15:52:25.442203-05', '2026-01-15 15:52:25.442206-05', '263f80a9-102c-47b3-bfa4-9ef2e9b994a5');
INSERT INTO public.users VALUES ('27d4e412-d6cd-4e9d-babc-e168cd746406', 'Responsable Comercial', 'b2b@cafequindio.com.co', '141a37ee-0aa9-470e-b49e-0e1dec555252', '$2b$12$Wamk.4ArWyUyl/XhLmdCIeUidQwmSHAL9S7euD83yvJL0rsEO/zxC', true, '2026-01-15 15:52:57.862359-05', '2026-01-15 15:52:57.862362-05', '263f80a9-102c-47b3-bfa4-9ef2e9b994a5');
INSERT INTO public.users VALUES ('a95ee816-5b84-4d52-9110-d2278767b9f4', 'Responsable Compras', 'compras@cafequindio.com.co', 'a38a557e-09af-4b8e-ba08-528769d19208', '$2b$12$V5WkpxIhV3EPCCUXmwf0d.c1PG0NKfWeslbeZyEa7Oue9x3WVA8HG', true, '2026-01-15 15:53:35.192708-05', '2026-01-15 15:53:35.192711-05', '263f80a9-102c-47b3-bfa4-9ef2e9b994a5');
INSERT INTO public.users VALUES ('ae7a7406-137f-49ef-9da5-dd7e87b50490', 'Responsable Gestión Humana', 'gh@cafequindio.com.co', 'f76284c2-16dc-4a8a-8dd4-614d73d1a700', '$2b$12$P3pKgbgIDplaK/nPCS8GXO/5z4YbhlLhTag.JUGovN0LnrrzZNvLC', true, '2026-01-15 15:54:13.163397-05', '2026-01-15 15:54:13.1634-05', '263f80a9-102c-47b3-bfa4-9ef2e9b994a5');
INSERT INTO public.users VALUES ('6eaa57b1-2567-4e28-ab0c-a3bdde5e6cd9', 'Responsable Mantenimiento', 'mant@cafequindio.com.co', '4b8fd4c9-9e10-4af4-9a1b-b54c6fe3d5f0', '$2b$12$yUx1mxV7V9KNAwjPac/IFegECmqefAulhNrOtwTYPsI0mmP84i4/i', true, '2026-01-15 15:54:42.043838-05', '2026-01-15 15:54:42.043841-05', '263f80a9-102c-47b3-bfa4-9ef2e9b994a5');
INSERT INTO public.users VALUES ('31eaa0e1-2929-419e-8f1c-2858ce29e642', 'Responsable Marketing', 'mkt@cafequindio.com.co', 'b0c1dcd7-491c-4f49-9bce-f74b91bf95f0', '$2b$12$DbmckMzzY3zZ3WHgdEu5weljpsEG6Ss.XBYfaA4A0tl42QkcpOKdK', true, '2026-01-15 15:55:03.593765-05', '2026-01-15 15:55:03.593769-05', '263f80a9-102c-47b3-bfa4-9ef2e9b994a5');
INSERT INTO public.users VALUES ('3749fbb1-7a35-42db-bee2-bdde664b204d', 'Responsable Operaciones', 'oper@cafequindio.com.co', '39ae3593-128b-46f7-93e5-4d4fde84745b', '$2b$12$qg011j5S1QsmSNPyCijLp.LqT3dMaURzS.wFlOgPR3gEHjuMdm/dm', true, '2026-01-15 15:55:24.99525-05', '2026-01-15 15:55:24.995254-05', '263f80a9-102c-47b3-bfa4-9ef2e9b994a5');
INSERT INTO public.users VALUES ('8b41d117-3460-4bad-a618-82276ee123cc', 'Responsable C.C. PARQUE ARBOLEDA', 'tienda.cc-parque-arboleda@cafequindio.com.co', '18f3a636-65fd-4c76-b2d3-438bd11ab71a', '$2b$12$faIt9d5gXKHw.xto96TfPOiesb4tweHrga86952GnjdQsu8fBopg6', true, '2026-01-15 16:16:15.763008-05', '2026-01-15 16:16:15.763011-05', '263f80a9-102c-47b3-bfa4-9ef2e9b994a5');
INSERT INTO public.users VALUES ('413a863b-916c-47ee-a89b-1c8f5ded807f', 'Responsable C.C FUNDADORES', 'tienda.cc-fundadores@cafequindio.com.co', '18f3a636-65fd-4c76-b2d3-438bd11ab71a', '$2b$12$Fdxh2VZqn8WCsuYfgSmhm.ACKemMerohLEauoLhnhB4qOac9OOO16', true, '2026-01-15 16:19:21.501977-05', '2026-01-15 16:19:21.50198-05', '263f80a9-102c-47b3-bfa4-9ef2e9b994a5');
INSERT INTO public.users VALUES ('1dd90828-6789-433e-904e-8acf8adaa5e8', 'Responsable RESTAURANTE', 'tienda.restaurante@cafequindio.com.co', '18f3a636-65fd-4c76-b2d3-438bd11ab71a', '$2b$12$y5glLnFfF.sheipNXX0H2.DDjmAITrTuaKpgyt4sW5wO3ZwgNvAEm', true, '2026-01-15 16:19:55.483666-05', '2026-01-15 16:19:55.483671-05', '263f80a9-102c-47b3-bfa4-9ef2e9b994a5');
INSERT INTO public.users VALUES ('1a22502c-6173-4ad9-b4fa-cf39a43d762e', 'Responsable AEROPUERTO EL DORADO', 'tienda.aeropuerto-el-dorado@cafequindio.com.co', '18f3a636-65fd-4c76-b2d3-438bd11ab71a', '$2b$12$Bijcocecqy8khfNC9jFCZe4EFw9Y2NY9siWf.1uyGIJHLCEgmxJGG', true, '2026-01-15 16:20:14.30799-05', '2026-01-15 16:20:14.307993-05', '263f80a9-102c-47b3-bfa4-9ef2e9b994a5');
INSERT INTO public.users VALUES ('b15ee15e-a3c2-4df1-84b2-45cfd084c4c9', 'Responsable CC UNICENTRO TUNJA', 'tienda.cc-unicentro-tunja@cafequindio.com.co', '18f3a636-65fd-4c76-b2d3-438bd11ab71a', '$2b$12$Qa5iqdKkrTO40ya9fNx76..IHV4daDTa2FJlLpguBLrH5gval4oSe', true, '2026-01-15 16:20:35.837955-05', '2026-01-15 16:20:35.837959-05', '263f80a9-102c-47b3-bfa4-9ef2e9b994a5');
INSERT INTO public.users VALUES ('11300217-0896-4b5a-bc3a-cd947e35f6f6', 'Responsable C.C. UNICENTRO 2', 'tienda.cc-unicentro-2@cafequindio.com.co', '18f3a636-65fd-4c76-b2d3-438bd11ab71a', '$2b$12$UnIDpHz9E5KOjnjsflNgHuujVV9m6CVBSl56h48Ory0N.kxf4OB7G', true, '2026-01-15 16:21:03.669794-05', '2026-01-15 16:21:03.669797-05', '263f80a9-102c-47b3-bfa4-9ef2e9b994a5');
INSERT INTO public.users VALUES ('70b42b84-d4b4-4690-853d-bda1c85af73b', 'Responsable BACATA', 'tienda.bacata@cafequindio.com.co', '18f3a636-65fd-4c76-b2d3-438bd11ab71a', '$2b$12$jzTdaWJj3JBc7ylv8M2QNuYODZlAYbN.RaivLYp6.m2yteWcBIDRy', true, '2026-01-15 16:21:18.210115-05', '2026-01-15 16:21:18.210119-05', '263f80a9-102c-47b3-bfa4-9ef2e9b994a5');
INSERT INTO public.users VALUES ('ab208e78-173b-4a22-ba57-c37c4d24330d', 'Responsable NOGALES', 'tienda.nogales@cafequindio.com.co', '18f3a636-65fd-4c76-b2d3-438bd11ab71a', '$2b$12$5JQYHrvef97S0Ts8QWIAnOX9dcNBvf3BhM90RasW0BLKUdp2Oa8i.', true, '2026-01-15 16:21:31.616256-05', '2026-01-15 16:21:31.616259-05', '263f80a9-102c-47b3-bfa4-9ef2e9b994a5');
INSERT INTO public.users VALUES ('76c5076e-7e55-44ba-b2e9-96c3ffa68a86', 'Responsable USAQUEN', 'tienda.usaquen@cafequindio.com.co', '18f3a636-65fd-4c76-b2d3-438bd11ab71a', '$2b$12$3Wb/Ea8Erxb51Rs7TmXlR.OAuAZx.hDRE6xXzVgnKRWLSllkmeD6C', true, '2026-01-15 16:21:44.571962-05', '2026-01-15 16:21:44.571965-05', '263f80a9-102c-47b3-bfa4-9ef2e9b994a5');
INSERT INTO public.users VALUES ('7fed1c4f-79eb-4f54-a0bf-0ce60ac5cee4', 'Responsable MALL PLAZA MANIZ.', 'tienda.mall-plaza-manizales@cafequindio.com.co', '18f3a636-65fd-4c76-b2d3-438bd11ab71a', '$2b$12$QG3BjPAkW5IFbW2uRQH0BOY8c0ATiUY/2OB44HK7KqC3vLkx9.9k6', true, '2026-01-15 16:21:58.301136-05', '2026-01-15 16:21:58.301139-05', '263f80a9-102c-47b3-bfa4-9ef2e9b994a5');
INSERT INTO public.users VALUES ('69611e83-c5a9-4ce3-a4bd-1c583c07f601', 'Responsable CC VIVE TUNJA.', 'tienda.cc-vive-tunja@cafequindio.com.co', '18f3a636-65fd-4c76-b2d3-438bd11ab71a', '$2b$12$RyXS5p84imOoX0hxB11Mx.VTkI0yj89iEU8s1wSideQPgm0pelTAm', true, '2026-01-15 16:22:16.11411-05', '2026-01-15 16:22:16.114113-05', '263f80a9-102c-47b3-bfa4-9ef2e9b994a5');
INSERT INTO public.users VALUES ('5784ee6f-b55c-4bf7-a18e-9f822f6d053a', 'Responsable PLAZA CENTRAL.', 'tienda.plaza-central@cafequindio.com.co', '18f3a636-65fd-4c76-b2d3-438bd11ab71a', '$2b$12$gGATzjnKB3/oRAh7ThcnYOv8DahCD9aW1Qd0icxqdhGz84EsGHdsG', true, '2026-01-15 16:22:31.56552-05', '2026-01-15 16:22:31.565524-05', '263f80a9-102c-47b3-bfa4-9ef2e9b994a5');
INSERT INTO public.users VALUES ('49e73b77-3880-4f94-b84b-cffcb7ae39ec', 'Responsable JARDIN PLAZA CALI.', 'tienda.jardin-plaza-cali@cafequindio.com.co', '18f3a636-65fd-4c76-b2d3-438bd11ab71a', '$2b$12$iGzWKlEt8OCbPOMDpYyjBOSfKjVEJSywjTAO2cz35MAekwW9IspYm', true, '2026-01-15 16:22:47.178622-05', '2026-01-15 16:22:47.178626-05', '263f80a9-102c-47b3-bfa4-9ef2e9b994a5');
INSERT INTO public.users VALUES ('f2cde816-5631-4457-80f5-dbc403b316af', 'Responsable PLAZA BOLIVAR BOGOTÁ.', 'tienda.plaza-bolivar-bogota@cafequindio.com.co', '18f3a636-65fd-4c76-b2d3-438bd11ab71a', '$2b$12$.2qK0JOB1rSdE.HvYNY9fOgmZs45BrirbvIgj0cNQ1CyR4chGch72', true, '2026-01-15 16:23:02.16178-05', '2026-01-15 16:23:02.161783-05', '263f80a9-102c-47b3-bfa4-9ef2e9b994a5');
INSERT INTO public.users VALUES ('03d83988-277c-46d0-8c35-965d606e89f6', 'Responsable ARBOLEDA 2.', 'tienda.arboleda-2@cafequindio.com.co', '18f3a636-65fd-4c76-b2d3-438bd11ab71a', '$2b$12$npkq5siJWvOQ9hetO/rvX.WcCsc6Is6BhU7ntHb6qSFsBTeNo/nPm', true, '2026-01-15 16:23:17.086112-05', '2026-01-15 16:23:17.086115-05', '263f80a9-102c-47b3-bfa4-9ef2e9b994a5');
INSERT INTO public.users VALUES ('6fdb242b-8e7e-45c9-ac44-889e62f9c16d', 'Responsable SERREZUELA', 'tienda.serrezuela@cafequindio.com.co', '18f3a636-65fd-4c76-b2d3-438bd11ab71a', '$2b$12$CtytWgOFBg3u.6SuVHeXAeydR9wLLA9ezikyo6jtT8Rf3JrIlx7qm', true, '2026-01-15 16:23:31.803661-05', '2026-01-15 16:23:31.803664-05', '263f80a9-102c-47b3-bfa4-9ef2e9b994a5');
INSERT INTO public.users VALUES ('e0374aa6-198c-4a49-823d-7d67244dcb63', 'Responsable PLAZA CLARO BOGOTÁ', 'tienda.plaza-claro-bogota@cafequindio.com.co', '18f3a636-65fd-4c76-b2d3-438bd11ab71a', '$2b$12$fHcgAYsfx5Uy4F9ferxKkuQ5PqnYtROOSE5Da5LRFa0GVL6PcxJsi', true, '2026-01-15 16:23:49.804593-05', '2026-01-15 16:23:49.804596-05', '263f80a9-102c-47b3-bfa4-9ef2e9b994a5');
INSERT INTO public.users VALUES ('c0fe5cf4-17a4-49df-8bd0-d7f5d46a8f61', 'Responsable TAMBO EL EDEN', 'tienda.tambo-el-eden@cafequindio.com.co', '18f3a636-65fd-4c76-b2d3-438bd11ab71a', '$2b$12$dI4MJkUDVfsVMo2DfMvCJOeieiFvGrpyxm481N2fby9Mfk7xvcEey', true, '2026-01-15 16:24:04.446912-05', '2026-01-15 16:24:04.446915-05', '263f80a9-102c-47b3-bfa4-9ef2e9b994a5');
INSERT INTO public.users VALUES ('57f2428a-7cea-470d-b74d-3e8486f05bd4', 'Responsable CERRITOS PEREIRA', 'tienda.cerritos-pereira@cafequindio.com.co', '18f3a636-65fd-4c76-b2d3-438bd11ab71a', '$2b$12$fcGgktv3JJFvI6TWizSmQuqlufEhkr99lAU5AgC0l8dZUvxmUAtfS', true, '2026-01-15 16:24:24.100084-05', '2026-01-15 16:24:24.100087-05', '263f80a9-102c-47b3-bfa4-9ef2e9b994a5');
INSERT INTO public.users VALUES ('9a428d94-c23a-4e60-a812-d7fb0d64afb4', 'Responsable OFIC BAVARIA', 'tienda.ofic-bavaria@cafequindio.com.co', '18f3a636-65fd-4c76-b2d3-438bd11ab71a', '$2b$12$oufnoLThG4hC1UiZXoibUe8nH39rS7tiFRX9WCk3mdmvN.9BA3gam', true, '2026-01-15 16:24:37.768587-05', '2026-01-15 16:24:37.76859-05', '263f80a9-102c-47b3-bfa4-9ef2e9b994a5');
INSERT INTO public.users VALUES ('0e859630-066b-44fc-9e3c-8604d793e7ce', 'Responsable AEROPUERTO MATECAÑA', 'tienda.aeropuerto-matecana@cafequindio.com.co', '18f3a636-65fd-4c76-b2d3-438bd11ab71a', '$2b$12$JT3SEWlvZ47Nmk8198llUui1GHkby65DIWHM3zInIH/BiMCH7juhi', true, '2026-01-15 16:24:54.712883-05', '2026-01-15 16:24:54.712886-05', '263f80a9-102c-47b3-bfa4-9ef2e9b994a5');
INSERT INTO public.users VALUES ('7c2fa7bc-a2c6-48de-a90c-1271b0033484', 'Responsable BUENAVISTA', 'tienda.buenavista@cafequindio.com.co', '18f3a636-65fd-4c76-b2d3-438bd11ab71a', '$2b$12$lcmev14x/SZtIkupMPHdIupzb9vba80bBEH5Qd8o/JfUrmuAt.yLG', true, '2026-01-15 16:25:09.494376-05', '2026-01-15 16:25:09.494379-05', '263f80a9-102c-47b3-bfa4-9ef2e9b994a5');
INSERT INTO public.users VALUES ('3a9f2bfa-122f-44b1-92fd-966b45aa0a82', 'Responsable BOCAGRANDE', 'tienda.bocagrande@cafequindio.com.co', '18f3a636-65fd-4c76-b2d3-438bd11ab71a', '$2b$12$74K2FVkqorTOwvvvBJeVYu4LDHIFfLQkVAQHfdqEPBu4P9RCLbmUG', true, '2026-01-15 16:25:23.697381-05', '2026-01-15 16:25:23.697385-05', '263f80a9-102c-47b3-bfa4-9ef2e9b994a5');
INSERT INTO public.users VALUES ('0e6933cc-960b-416a-b585-28832055cf93', 'Responsable FABRICA SAN PEDRO', 'tienda.fabrica-san-pedro@cafequindio.com.co', '18f3a636-65fd-4c76-b2d3-438bd11ab71a', '$2b$12$VHJ/GDfDor/rpU6hoQOMzuNF.VIqsDxn8vZT7QO.WZP4fjLpFnUnS', true, '2026-01-15 16:25:36.69513-05', '2026-01-15 16:25:36.695144-05', '263f80a9-102c-47b3-bfa4-9ef2e9b994a5');
INSERT INTO public.users VALUES ('997e0ab7-a97b-4d72-aed5-e2c8755903fd', 'Responsable UNICENTRO PEREIRA', 'tienda.unicentro-pereira@cafequindio.com.co', '18f3a636-65fd-4c76-b2d3-438bd11ab71a', '$2b$12$notfjxC1WPP02hjDrRieReudEKXbB183P2l8diY49Ps60.49F0AyW', true, '2026-01-15 16:25:56.821629-05', '2026-01-15 16:25:56.821632-05', '263f80a9-102c-47b3-bfa4-9ef2e9b994a5');
INSERT INTO public.users VALUES ('c92d46b6-04fa-40a7-b5e6-24ff3211ad59', 'Responsable SANTAFE', 'tienda.santafe@cafequindio.com.co', '18f3a636-65fd-4c76-b2d3-438bd11ab71a', '$2b$12$0wmCx0GHEsY0ltqCmOwlJOCTXM0yULcahsqAHKIGLZB24N7ecN5Um', true, '2026-01-15 16:26:34.181525-05', '2026-01-15 16:26:34.181529-05', '263f80a9-102c-47b3-bfa4-9ef2e9b994a5');
INSERT INTO public.users VALUES ('0185e00c-51b5-4eb3-a782-f4dbfbf9eadc', 'Responsable TITAN PLAZA', 'tienda.titan-plaza@cafequindio.com.co', '18f3a636-65fd-4c76-b2d3-438bd11ab71a', '$2b$12$M6duvn0jLnzeKsdpUHnrwupa9g2aSUdBltNXRWaM.uhKY2M8mZvfG', true, '2026-01-15 16:26:50.394821-05', '2026-01-15 16:26:50.394824-05', '263f80a9-102c-47b3-bfa4-9ef2e9b994a5');
INSERT INTO public.users VALUES ('0e96adb6-8a4a-46f1-a6a6-b2e3fab0830e', 'Responsable TAMBO LA MANUELA', 'tienda.tambo-la-manuela@cafequindio.com.co', '18f3a636-65fd-4c76-b2d3-438bd11ab71a', '$2b$12$IgnvDO8pELjDmppnZq/OcekE65RZzbZgDvsp673W5gBysZVv97AKe', true, '2026-01-15 16:27:05.249703-05', '2026-01-15 16:27:05.249706-05', '263f80a9-102c-47b3-bfa4-9ef2e9b994a5');
INSERT INTO public.users VALUES ('a177db82-e33f-4a9e-8dc8-96909f5ab637', 'Responsable TAMBO PRIVILEGIO', 'tienda.tambo-privilegio@cafequindio.com.co', '18f3a636-65fd-4c76-b2d3-438bd11ab71a', '$2b$12$g.sPdH9TBon.jLos6iFUsOgm/T1QUJx9BSGnRQJFPp3Epl2Ywl0bm', true, '2026-01-15 16:27:23.194533-05', '2026-01-15 16:27:23.194536-05', '263f80a9-102c-47b3-bfa4-9ef2e9b994a5');
INSERT INTO public.users VALUES ('1430b316-45f5-4623-b1ac-c8521b87c7a9', 'Responsable GRANADA CALI', 'tienda.granada-cali@cafequindio.com.co', '18f3a636-65fd-4c76-b2d3-438bd11ab71a', '$2b$12$AbONpURbgg4xfmuMuARRqeyL3rJtIIS8LqTv2HBMzi1kat2X6OhYm', true, '2026-01-15 16:27:38.99895-05', '2026-01-15 16:27:38.998955-05', '263f80a9-102c-47b3-bfa4-9ef2e9b994a5');
INSERT INTO public.users VALUES ('3129ec16-c4bd-4061-b93b-d5f1e6e675c9', 'Responsable FLORIDA GARDEN', 'tienda.florida-garden@cafequindio.com.co', '18f3a636-65fd-4c76-b2d3-438bd11ab71a', '$2b$12$F5wv3fpEcrZzqfMBELgYJ.2Ksuf3isVGWyHtB6WUQnyifNfVkn6WS', true, '2026-01-15 16:27:52.963112-05', '2026-01-15 16:27:52.963115-05', '263f80a9-102c-47b3-bfa4-9ef2e9b994a5');
INSERT INTO public.users VALUES ('6404eaef-2258-4538-aa8a-c3d9be8b22dd', 'Responsable BUENAVISTA 2', 'tienda.buenavista-2@cafequindio.com.co', '18f3a636-65fd-4c76-b2d3-438bd11ab71a', '$2b$12$WBHEAYFhd0WGfDyEwPwjqeThUCQ7qtRExlPKsXJz8J9rOMkCl6Gqu', true, '2026-01-15 16:28:07.101512-05', '2026-01-15 16:28:07.101515-05', '263f80a9-102c-47b3-bfa4-9ef2e9b994a5');
INSERT INTO public.users VALUES ('162322f8-55b1-407a-ba42-ac74d75c25ac', 'Responsable PLAZA IMPERIAL', 'tienda.plaza-imperial@cafequindio.com.co', '18f3a636-65fd-4c76-b2d3-438bd11ab71a', '$2b$12$TuYBLerRjbDf7AmmzeENVOdVwgfgSFgrntdq45FYC3nQACmPPpg/O', true, '2026-01-15 16:28:21.331506-05', '2026-01-15 16:28:21.331509-05', '263f80a9-102c-47b3-bfa4-9ef2e9b994a5');
INSERT INTO public.users VALUES ('da7b3564-a247-4bef-89a0-6f07c7b93384', 'Responsable I LATINA', 'tienda.i-latina@cafequindio.com.co', '18f3a636-65fd-4c76-b2d3-438bd11ab71a', '$2b$12$0C.yLnKq8dAAkZ.v4Q2Gb.kG48DvkrFN71w1Q2w/ZzQbH7CDpcEIG', true, '2026-01-15 16:28:37.62946-05', '2026-01-15 16:28:37.629464-05', '263f80a9-102c-47b3-bfa4-9ef2e9b994a5');
INSERT INTO public.users VALUES ('47a1188e-70e1-4726-b6f4-5125a42e9120', 'Responsable VIA LA PRIMAVERA', 'tienda.via-la-primavera@cafequindio.com.co', '18f3a636-65fd-4c76-b2d3-438bd11ab71a', '$2b$12$NBX3e/Y1NtCriJixAkqgyOcNRMpT7Zcyj/j6GziBi7MLSVFFaEMTu', true, '2026-01-15 16:28:49.949929-05', '2026-01-15 16:28:49.949932-05', '263f80a9-102c-47b3-bfa4-9ef2e9b994a5');
INSERT INTO public.users VALUES ('916976c2-b999-4677-b5fd-5c015b72152f', 'Responsable CERRITOS DEL MAR', 'tienda.cerritos-del-mar@cafequindio.com.co', '18f3a636-65fd-4c76-b2d3-438bd11ab71a', '$2b$12$cGngnfCvXTlawR/moB8TJOKEQe2DdY6VjVBkOl0UoXvedMss/a1mS', true, '2026-01-15 16:29:03.835946-05', '2026-01-15 16:29:03.835949-05', '263f80a9-102c-47b3-bfa4-9ef2e9b994a5');
INSERT INTO public.users VALUES ('986e3ace-f660-478b-b5fb-5bcfb19358a6', 'Responsable SANTAFE MED', 'tienda.santafe-med@cafequindio.com.co', '18f3a636-65fd-4c76-b2d3-438bd11ab71a', '$2b$12$7o1t9tLMxVDhY9j.kH1bL.a3jvmxPrkx6qwXqfTzcjfu6CPDWll02', true, '2026-01-15 16:29:18.723161-05', '2026-01-15 16:29:18.723164-05', '263f80a9-102c-47b3-bfa4-9ef2e9b994a5');
INSERT INTO public.users VALUES ('53515112-fe75-469f-915b-da6f8bfe17e5', 'Responsable ARKADIA', 'tienda.arkadia@cafequindio.com.co', '18f3a636-65fd-4c76-b2d3-438bd11ab71a', '$2b$12$vxOslwwRjFxuU0Wuv1I3D.MSLg5vTKGw9dGdyRP1Oa/tuIowuSI/i', true, '2026-01-15 16:29:32.128342-05', '2026-01-15 16:29:32.128345-05', '263f80a9-102c-47b3-bfa4-9ef2e9b994a5');
INSERT INTO public.users VALUES ('872e6dd0-10da-450d-9f2d-d6445c8ec518', 'Responsable CENCO LIMONAR', 'tienda.cenco-limonar@cafequindio.com.co', '18f3a636-65fd-4c76-b2d3-438bd11ab71a', '$2b$12$wfhLoNF05oYDFbWAD/P6P.sCVA1y7qAxDIwREN55usdLDw.vJVzLK', true, '2026-01-15 16:29:44.750567-05', '2026-01-15 16:29:44.750571-05', '263f80a9-102c-47b3-bfa4-9ef2e9b994a5');
INSERT INTO public.users VALUES ('c1c9bfdd-c909-44de-bd88-7191ed7dd6cd', 'Responsable CARIBE PLAZA', 'tienda.caribe-plaza@cafequindio.com.co', '18f3a636-65fd-4c76-b2d3-438bd11ab71a', '$2b$12$i3H1U/51XVdtVGtEV6UhO.A2/Sh..tkTy4/hIGfcrZYpG5.sHgfra', true, '2026-01-15 16:29:58.832914-05', '2026-01-15 16:29:58.832918-05', '263f80a9-102c-47b3-bfa4-9ef2e9b994a5');
INSERT INTO public.users VALUES ('df42c3cc-8941-403e-b95d-06f0ffdc00d2', 'Responsable TORRE 90', 'tienda.torre-90@cafequindio.com.co', '18f3a636-65fd-4c76-b2d3-438bd11ab71a', '$2b$12$pPMOnv.p73dJGE/k8n.lnO/4Tw3Kbi4Ym2eFczI1xZgqj2nkI68jC', true, '2026-01-15 16:30:14.435421-05', '2026-01-15 16:30:14.435424-05', '263f80a9-102c-47b3-bfa4-9ef2e9b994a5');
INSERT INTO public.users VALUES ('8430ede0-330e-4286-85a4-1da06cbbc614', 'Responsable UNICENTRO BOGOTÁ', 'tienda.unicentro-bogota@cafequindio.com.co', '18f3a636-65fd-4c76-b2d3-438bd11ab71a', '$2b$12$fToD4Nxf92ZnxJV6f.yH6eYwwoN6xvWKwl5zKLVI1tTkXGWua7FEW', true, '2026-01-15 16:30:27.247583-05', '2026-01-15 16:30:27.247588-05', '263f80a9-102c-47b3-bfa4-9ef2e9b994a5');
INSERT INTO public.users VALUES ('c431f545-0b9d-4b2e-910c-b1dce038e8e0', 'Responsable SAN NICOLAS  ', 'tienda.san-nicolas@cafequindio.com.co', '18f3a636-65fd-4c76-b2d3-438bd11ab71a', '$2b$12$VBCadEoZEUcXrBv.TSdkPeFasMyB/93FlYl9iSGw5BxpF/h.yC/66', true, '2026-01-15 16:30:50.804484-05', '2026-01-15 16:30:50.804487-05', '263f80a9-102c-47b3-bfa4-9ef2e9b994a5');
INSERT INTO public.users VALUES ('73bb5a12-173a-4576-a7ac-6f551668bfa3', 'Responsable CAÑAVERAL PANCE  ', 'tienda.canaveral-pance@cafequindio.com.co', '18f3a636-65fd-4c76-b2d3-438bd11ab71a', '$2b$12$4V6IJVlQCIU4yj1i0tf8LuYMavLud5bBc4svs/DHeV4k1NTD.MKcu', true, '2026-01-15 16:31:05.081515-05', '2026-01-15 16:31:05.081518-05', '263f80a9-102c-47b3-bfa4-9ef2e9b994a5');
INSERT INTO public.users VALUES ('6dd07333-b8cf-43b9-a8ae-c9dd3adebb7f', 'Responsable PLAZA BOCAGRANDE  ', 'tienda.plaza-bocagrande@cafequindio.com.co', '18f3a636-65fd-4c76-b2d3-438bd11ab71a', '$2b$12$FX39.8yqRTORNfX4szxqOeouWPd7ueiuz9n2bJg/7Bd6fH96Hju5C', true, '2026-01-15 16:31:18.851706-05', '2026-01-15 16:31:18.851709-05', '263f80a9-102c-47b3-bfa4-9ef2e9b994a5');
INSERT INTO public.users VALUES ('a4b0d5d3-de8f-462f-94e7-2018536d5955', 'Responsable CHIPICHAPE', 'tienda.chipichape@cafequindio.com.co', '18f3a636-65fd-4c76-b2d3-438bd11ab71a', '$2b$12$AdCaBsDl6BQtr.PWnAcBK.DJ6MXCkNyrFfgp8PTsv4ZHQd9wzx9he', true, '2026-01-15 16:31:38.532958-05', '2026-01-15 16:31:38.53296-05', '263f80a9-102c-47b3-bfa4-9ef2e9b994a5');
INSERT INTO public.users VALUES ('b2a0e01f-d7a2-438d-ad59-e9e8cef4fe54', 'Responsable PLAZA DE LAS AMERICAS- SOL', 'tienda.plaza-de-las-americas-sol@cafequindio.com.co', '18f3a636-65fd-4c76-b2d3-438bd11ab71a', '$2b$12$b9QIZJ6iaVkXoYQq9hCNK.alyTJe2iXwIbscCmIju12MKkC16dXdS', true, '2026-01-15 16:31:51.098243-05', '2026-01-15 16:31:51.098246-05', '263f80a9-102c-47b3-bfa4-9ef2e9b994a5');
INSERT INTO public.users VALUES ('55727b93-7164-4225-ac31-f6b09ceba37c', 'Responsable PLAZA DE LAS AMERICAS- ESTRELLA', 'tienda.plaza-de-las-americas-estrella@cafequindio.com.co', '18f3a636-65fd-4c76-b2d3-438bd11ab71a', '$2b$12$5tsZ73nQFhdwlmclumR2P.pxQq2eRdMG5X.AjrMyoNc5RwNGV03eq', true, '2026-01-15 16:32:11.92517-05', '2026-01-15 16:32:11.925173-05', '263f80a9-102c-47b3-bfa4-9ef2e9b994a5');
INSERT INTO public.users VALUES ('1872cd01-60da-48ad-a2a4-4512374df79f', 'Responsable NUESTRO BOGOTÁ', 'tienda.nuestro-bogota@cafequindio.com.co', '18f3a636-65fd-4c76-b2d3-438bd11ab71a', '$2b$12$8DykmEynf59TE6isLMr.u.7vaEDG0MQxWuEQZsjt7Tyzj1m8StICW', true, '2026-01-15 16:32:30.876159-05', '2026-01-15 16:32:30.876162-05', '263f80a9-102c-47b3-bfa4-9ef2e9b994a5');
INSERT INTO public.users VALUES ('7ecfd376-ca64-4daa-8a4c-0690a074ff5a', 'Responsable ÚNICO BARRANQUILLA', 'tienda.unico-barranquilla@cafequindio.com.co', '18f3a636-65fd-4c76-b2d3-438bd11ab71a', '$2b$12$Rb8ZAkaFfCl8kzA3rsF3ZuuXe88wndiaqIDfebZBPWrH4Nez9UosW', true, '2026-01-15 16:32:47.960014-05', '2026-01-15 16:32:47.960018-05', '263f80a9-102c-47b3-bfa4-9ef2e9b994a5');
INSERT INTO public.users VALUES ('cee6849c-f899-4a01-8a3f-bfb0c90b1e83', 'Responsable CC EL EDEN ', 'tienda.cc-el-eden@cafequindio.com.co', '18f3a636-65fd-4c76-b2d3-438bd11ab71a', '$2b$12$Y5XjPW7OHniUQJNMVOYHweGE527dBj6junt3nPydMcYQgKV6ewjaa', true, '2026-01-15 16:33:03.204559-05', '2026-01-15 16:33:03.204565-05', '263f80a9-102c-47b3-bfa4-9ef2e9b994a5');
INSERT INTO public.users VALUES ('09e4d706-82c4-4244-9f35-18cb14aef8b6', 'Responsable Torre Control ', 'torrecontrol-logistica@cafequindio.com.co', 'ad7be3d4-0def-49a1-b6de-fd939a0dc678', '$2b$12$a1iPsbHrr5z3ofVQQChKuuog8Y0NdnIrf4AUP6IT971x1.31lfuFS', true, '2026-01-15 16:34:02.787003-05', '2026-01-15 16:34:02.787006-05', '263f80a9-102c-47b3-bfa4-9ef2e9b994a5');
INSERT INTO public.users VALUES ('5b2a334c-682c-4108-bfc1-57c60b2aa2e1', 'Responsable Trade ', 'trade@cafequindio.com.co', '81ba701c-7d31-4cd5-a4ed-e97ed678aa3d', '$2b$12$oHiOPHnCBjcJ.ojvjF2Fee9S4l4UQlUEvofN57ryusCLR41/YuNta', true, '2026-01-15 16:34:28.875721-05', '2026-01-15 16:34:28.875724-05', '263f80a9-102c-47b3-bfa4-9ef2e9b994a5');


--
-- TOC entry 5112 (class 0 OID 16442)
-- Dependencies: 224
-- Data for Name: facturas; Type: TABLE DATA; Schema: public; Owner: postgres
--

INSERT INTO public.facturas VALUES ('5400881e-c23f-4fd3-ab4a-f1786455e254', 'JOI.IA', 'SMC-1456', '2025-12-23', '00ea89d6-c6e6-427c-a86e-abbdfd77ef68', 19800.50, 2, NULL, NULL, '2025-12-23 14:06:06.81377-05', '2026-01-15 15:16:31.966486-05', NULL, NULL, false, NULL, false, NULL, '1_SEMANA', false, false, NULL, '0bf3a60f-daa5-470f-8791-c1369d6e26bf');
INSERT INTO public.facturas VALUES ('0514597a-3f01-4329-b4ba-0733c9aed46f', 'Proveedora Industrial S.A.', 'FAC-2025-001', '2025-12-13', '4b8fd4c9-9e10-4af4-9a1b-b54c6fe3d5f0', 15000.50, 2, '117e0f66-848a-4c03-be05-5349fb939f6b', '2025-12-18 08:08:57.112831-05', '2025-12-23 13:08:57.120104-05', '2025-12-23 13:08:57.120108-05', NULL, NULL, false, NULL, false, NULL, '1_SEMANA', false, false, NULL, '4b8fd4c9-9e10-4af4-9a1b-b54c6fe3d5f0');
INSERT INTO public.facturas VALUES ('ca4f8b87-a9dd-44ac-a5b3-b0cd62705bb2', 'DIEGO CORTES CARDONA', 'FECR 9833', '2025-12-20', '00ea89d6-c6e6-427c-a86e-abbdfd77ef68', 196000.00, 2, NULL, NULL, '2025-12-23 20:36:27.983136-05', '2026-01-07 14:41:23.046613-05', 'd4c45ace-8a77-4c0b-8530-e99739dbbe80', '2d0b774f-23a6-485b-90bc-2278d3fbea6a', true, 'ALMACEN', false, NULL, '1_SEMANA', false, false, NULL, '00ea89d6-c6e6-427c-a86e-abbdfd77ef68');
INSERT INTO public.facturas VALUES ('c0185a2d-a49e-42aa-b084-d9996f212418', 'Servicios Generales Unidos', 'FAC-2025-005', '2025-12-21', '4b8fd4c9-9e10-4af4-9a1b-b54c6fe3d5f0', 12450.00, 2, '117e0f66-848a-4c03-be05-5349fb939f6b', '2025-12-26 15:43:58.578517-05', '2025-12-23 13:08:57.120115-05', '2025-12-26 15:43:58.579847-05', NULL, NULL, false, NULL, false, NULL, '1_SEMANA', false, false, NULL, '4b8fd4c9-9e10-4af4-9a1b-b54c6fe3d5f0');
INSERT INTO public.facturas VALUES ('1e4c2dd6-b781-47bf-821a-85aa9571af9f', 'DIEGO CORTES CARDONA', 'FECR 9892', '2026-01-02', 'b067adcd-13ff-420f-9389-42bfaa78cf9f', 250000.00, 5, '6d1d75fd-9db5-42ea-9b90-6d691aae848e', '2026-01-05 13:18:41.597353-05', '2026-01-05 13:01:13.699212-05', '2026-01-05 13:48:51.552613-05', 'd4c45ace-8a77-4c0b-8530-e99739dbbe80', '2d0b774f-23a6-485b-90bc-2278d3fbea6a', true, 'ALMACEN', true, 80.00, '3_SEMANAS', true, false, NULL, 'b067adcd-13ff-420f-9389-42bfaa78cf9f');
INSERT INTO public.facturas VALUES ('dda4c79e-9e52-4618-aeea-7836e222346f', 'FABIO ERNESTO GUEVARA BORRAS', 'FEG 243', '2025-12-22', '4b8fd4c9-9e10-4af4-9a1b-b54c6fe3d5f0', 670000.00, 2, NULL, NULL, '2025-12-23 20:12:12.398644-05', '2025-12-29 16:09:33.572292-05', NULL, NULL, false, NULL, false, NULL, '1_SEMANA', false, false, NULL, '4b8fd4c9-9e10-4af4-9a1b-b54c6fe3d5f0');
INSERT INTO public.facturas VALUES ('68c1072f-c526-4a18-8e89-5b8443a31c91', 'Test N8N', 'FAC-TEST-004', '2025-12-23', '39ae3593-128b-46f7-93e5-4d4fde84745b', 1500.50, 2, NULL, NULL, '2025-12-23 19:50:11.953793-05', '2025-12-29 17:16:23.227815-05', NULL, NULL, false, NULL, false, NULL, '1_SEMANA', false, false, NULL, '39ae3593-128b-46f7-93e5-4d4fde84745b');
INSERT INTO public.facturas VALUES ('601b9744-5770-4391-8a19-d115b8f6bd1c', 'Constructora Central Ltda.', 'FAC-2025-002', '2025-12-15', 'b067adcd-13ff-420f-9389-42bfaa78cf9f', 28500.00, 5, '6d1d75fd-9db5-42ea-9b90-6d691aae848e', '2026-01-02 16:17:23.737205-05', '2025-12-23 13:08:57.12011-05', '2026-01-02 16:35:46.077573-05', 'd4c45ace-8a77-4c0b-8530-e99739dbbe80', '2d0b774f-23a6-485b-90bc-2278d3fbea6a', false, NULL, false, NULL, '1_SEMANA', false, false, NULL, 'b067adcd-13ff-420f-9389-42bfaa78cf9f');
INSERT INTO public.facturas VALUES ('800100f9-cf46-4667-858b-575166732d78', 'JOIN.IA', 'SMC-0522', '2025-12-23', 'b067adcd-13ff-420f-9389-42bfaa78cf9f', 19800.50, 7, '6d1d75fd-9db5-42ea-9b90-6d691aae848e', '2026-01-02 16:01:43.742451-05', '2025-12-23 16:27:10.801052-05', '2026-01-05 16:27:31.261595-05', 'd4c45ace-8a77-4c0b-8530-e99739dbbe80', '2d0b774f-23a6-485b-90bc-2278d3fbea6a', true, 'TIENDA', true, 50.00, '1_MES', true, false, NULL, 'b067adcd-13ff-420f-9389-42bfaa78cf9f');
INSERT INTO public.facturas VALUES ('04d37c1a-71e8-4c51-b472-6ee02f90bf38', 'EKIPANDO S.A.S.', 'FE 14408', '2025-12-30', 'b067adcd-13ff-420f-9389-42bfaa78cf9f', 82362.28, 7, '6d1d75fd-9db5-42ea-9b90-6d691aae848e', '2026-01-07 15:41:08.004032-05', '2026-01-07 15:20:26.207046-05', '2026-01-07 15:41:08.005593-05', NULL, NULL, false, NULL, false, NULL, '1_SEMANA', false, true, 'sdadadadsada', '00ea89d6-c6e6-427c-a86e-abbdfd77ef68');
INSERT INTO public.facturas VALUES ('7b726d41-ea70-4e47-82e5-d7125da99bf6', 'JOIN.IA', 'SMC-1455', '2025-12-23', 'b067adcd-13ff-420f-9389-42bfaa78cf9f', 19800.50, 7, '6d1d75fd-9db5-42ea-9b90-6d691aae848e', '2026-01-05 16:29:12.061922-05', '2025-12-23 14:18:10.879702-05', '2026-01-05 16:29:12.063417-05', 'd4c45ace-8a77-4c0b-8530-e99739dbbe80', '2d0b774f-23a6-485b-90bc-2278d3fbea6a', true, 'TIENDA', true, 50.00, '2_SEMANAS', false, false, NULL, 'b067adcd-13ff-420f-9389-42bfaa78cf9f');
INSERT INTO public.facturas VALUES ('4ea26e81-b0bd-4962-991a-49f7113b1887', 'DIEGO CORTES CARDONA', 'FECR 9894', '2026-01-02', 'b067adcd-13ff-420f-9389-42bfaa78cf9f', 134600.00, 5, '6d1d75fd-9db5-42ea-9b90-6d691aae848e', '2026-01-05 19:25:27.132253-05', '2026-01-05 19:18:46.214379-05', '2026-01-05 19:26:16.175774-05', 'd4c45ace-8a77-4c0b-8530-e99739dbbe80', '2d0b774f-23a6-485b-90bc-2278d3fbea6a', true, 'TIENDA', true, 50.00, '2_SEMANAS', true, false, NULL, 'b067adcd-13ff-420f-9389-42bfaa78cf9f');
INSERT INTO public.facturas VALUES ('1ec13a97-27a7-4130-9df2-b0ec7c889baa', 'Test desde n8n Cloud', 'FAC-N8N-001', '2025-12-23', '725f5e5a-49d3-4e44-800f-f5ff21e187ac', 1500.50, 2, '15d7b2c4-d4fa-4118-94a2-a0bd6782a2b7', '2026-01-07 14:42:58.334885-05', '2025-12-23 19:50:26.253707-05', '2026-01-07 14:57:52.405354-05', NULL, NULL, true, 'TIENDA', false, NULL, '1_SEMANA', true, true, 'Debe tener OC/OS', NULL);
INSERT INTO public.facturas VALUES ('7a58d701-f700-4677-a68b-eb00e573d2af', 'Tecnología y Sistemas SAC', 'FAC-2025-006', '2025-12-16', '725f5e5a-49d3-4e44-800f-f5ff21e187ac', 19800.50, 3, '15d7b2c4-d4fa-4118-94a2-a0bd6782a2b7', '2026-01-07 15:04:16.013387-05', '2025-12-23 13:08:57.120117-05', '2026-01-07 15:04:16.015928-05', NULL, NULL, false, NULL, false, NULL, '1_SEMANA', false, true, NULL, NULL);
INSERT INTO public.facturas VALUES ('885f7726-35c2-411c-a853-043628c6f23c', 'Materiales de Construcción Express', 'FAC-2025-004', '2025-12-20', '725f5e5a-49d3-4e44-800f-f5ff21e187ac', 42300.75, 3, '15d7b2c4-d4fa-4118-94a2-a0bd6782a2b7', '2026-01-05 16:21:04.714621-05', '2025-12-23 13:08:57.120113-05', '2026-01-05 16:21:04.720051-05', NULL, NULL, false, NULL, false, NULL, '1_SEMANA', false, false, NULL, NULL);
INSERT INTO public.facturas VALUES ('475cd480-9459-4e66-8043-0043c123c468', 'DIEGO CORTES CARDONA', 'FECR 9889', '2026-01-02', '725f5e5a-49d3-4e44-800f-f5ff21e187ac', 178000.00, 3, '15d7b2c4-d4fa-4118-94a2-a0bd6782a2b7', '2026-01-05 16:38:28.102722-05', '2026-01-02 18:55:35.328276-05', '2026-01-05 16:38:28.105133-05', NULL, NULL, false, NULL, false, NULL, '1_SEMANA', false, false, NULL, NULL);
INSERT INTO public.facturas VALUES ('836b0a16-53b6-44f9-8154-6596572df903', 'DIEGO CORTES CARDONA', 'FECR 9859', '2025-12-26', '725f5e5a-49d3-4e44-800f-f5ff21e187ac', 33900.00, 3, '15d7b2c4-d4fa-4118-94a2-a0bd6782a2b7', '2026-01-02 20:29:40.053927-05', '2026-01-02 20:19:18.15837-05', '2026-01-02 20:29:40.05527-05', 'd4c45ace-8a77-4c0b-8530-e99739dbbe80', '2d0b774f-23a6-485b-90bc-2278d3fbea6a', true, 'TIENDA', true, 50.00, '1_MES', true, false, NULL, NULL);
INSERT INTO public.facturas VALUES ('3b8e8616-f78f-4e01-aa34-c280b3ee9021', 'Fecha :', 'ELE\n20001', NULL, '498e9fdb-25f5-42f9-beb8-92564ab6bdf4', 1.00, 1, NULL, NULL, '2026-01-09 20:25:20.409764-05', '2026-01-09 20:25:20.409767-05', NULL, NULL, false, NULL, false, NULL, '1_SEMANA', false, false, NULL, NULL);
INSERT INTO public.facturas VALUES ('866ea378-892d-4bdc-9642-97124a81d5b3', 'Fecha :', 'Referencia 2', NULL, '498e9fdb-25f5-42f9-beb8-92564ab6bdf4', 1.00, 1, NULL, NULL, '2026-01-09 20:26:28.517188-05', '2026-01-09 20:26:28.517197-05', NULL, NULL, false, NULL, false, NULL, '1_SEMANA', false, false, NULL, NULL);
INSERT INTO public.facturas VALUES ('5cd2b315-4299-461a-b7dc-af6b6a1246c0', 'Fecha :', 'PRP41', NULL, '498e9fdb-25f5-42f9-beb8-92564ab6bdf4', 1.00, 1, NULL, NULL, '2026-01-09 20:26:30.478608-05', '2026-01-09 20:26:30.478614-05', NULL, NULL, false, NULL, false, NULL, '1_SEMANA', false, false, NULL, NULL);
INSERT INTO public.facturas VALUES ('a8064cfb-a860-49de-8161-bd741600a584', 'Suministros Eléctricos SAC', 'FAC-2025-003', '2025-12-18', '00ea89d6-c6e6-427c-a86e-abbdfd77ef68', 8750.25, 2, NULL, '2025-12-21 08:08:57.115227-05', '2025-12-23 13:08:57.120112-05', '2026-01-15 15:17:39.223816-05', NULL, NULL, false, NULL, false, NULL, '1_SEMANA', false, false, NULL, '0bf3a60f-daa5-470f-8791-c1369d6e26bf');
INSERT INTO public.facturas VALUES ('2026bba8-5c06-4605-a933-a267a20077d8', 'Fecha :', 'PRP31', NULL, 'b067adcd-13ff-420f-9389-42bfaa78cf9f', 1.00, 5, '6d1d75fd-9db5-42ea-9b90-6d691aae848e', '2026-01-14 13:44:12.192673-05', '2026-01-09 20:26:31.74054-05', '2026-01-14 13:44:43.661376-05', 'd4c45ace-8a77-4c0b-8530-e99739dbbe80', '2d0b774f-23a6-485b-90bc-2278d3fbea6a', true, 'TIENDA', true, 50.00, '2_SEMANAS', false, false, 'no corresponde OC', '00ea89d6-c6e6-427c-a86e-abbdfd77ef68');


--
-- TOC entry 5114 (class 0 OID 16524)
-- Dependencies: 226
-- Data for Name: factura_asignaciones; Type: TABLE DATA; Schema: public; Owner: postgres
--

INSERT INTO public.factura_asignaciones VALUES ('67c6c58a-5087-4d74-9919-590e9c278dad', 'c0185a2d-a49e-42aa-b084-d9996f212418', '4b8fd4c9-9e10-4af4-9a1b-b54c6fe3d5f0', '117e0f66-848a-4c03-be05-5349fb939f6b', '2025-12-26 15:43:58.57687');
INSERT INTO public.factura_asignaciones VALUES ('c65dfc23-3a11-4adf-b0be-4e9ec5c3c9f2', '7b726d41-ea70-4e47-82e5-d7125da99bf6', '4b8fd4c9-9e10-4af4-9a1b-b54c6fe3d5f0', '117e0f66-848a-4c03-be05-5349fb939f6b', '2025-12-26 15:52:15.582231');
INSERT INTO public.factura_asignaciones VALUES ('ffabeacc-90cf-4544-8969-d024756c73b9', '800100f9-cf46-4667-858b-575166732d78', '725f5e5a-49d3-4e44-800f-f5ff21e187ac', '15d7b2c4-d4fa-4118-94a2-a0bd6782a2b7', '2026-01-02 15:38:54.501981');
INSERT INTO public.factura_asignaciones VALUES ('16b3604a-71ac-439b-a986-2778f87f00cb', '800100f9-cf46-4667-858b-575166732d78', 'b067adcd-13ff-420f-9389-42bfaa78cf9f', '6d1d75fd-9db5-42ea-9b90-6d691aae848e', '2026-01-02 16:01:43.733455');
INSERT INTO public.factura_asignaciones VALUES ('ee85946b-1e19-45ae-a1d1-214ea0dcc402', '601b9744-5770-4391-8a19-d115b8f6bd1c', '725f5e5a-49d3-4e44-800f-f5ff21e187ac', '15d7b2c4-d4fa-4118-94a2-a0bd6782a2b7', '2026-01-02 16:16:51.552765');
INSERT INTO public.factura_asignaciones VALUES ('6c00b89c-b24c-4e34-a5c5-eb6c029f1cea', '601b9744-5770-4391-8a19-d115b8f6bd1c', 'b067adcd-13ff-420f-9389-42bfaa78cf9f', '6d1d75fd-9db5-42ea-9b90-6d691aae848e', '2026-01-02 16:17:23.736023');
INSERT INTO public.factura_asignaciones VALUES ('145e23aa-c370-4e96-bfd3-5351ab89d658', '836b0a16-53b6-44f9-8154-6596572df903', '725f5e5a-49d3-4e44-800f-f5ff21e187ac', '15d7b2c4-d4fa-4118-94a2-a0bd6782a2b7', '2026-01-02 20:29:40.052548');
INSERT INTO public.factura_asignaciones VALUES ('5acb2a40-59ee-4a1a-8d2d-343eaa4ef8d7', '1e4c2dd6-b781-47bf-821a-85aa9571af9f', '725f5e5a-49d3-4e44-800f-f5ff21e187ac', '15d7b2c4-d4fa-4118-94a2-a0bd6782a2b7', '2026-01-05 13:05:05.291061');
INSERT INTO public.factura_asignaciones VALUES ('88634907-3698-451c-a7b2-a00196160c82', '1e4c2dd6-b781-47bf-821a-85aa9571af9f', 'b067adcd-13ff-420f-9389-42bfaa78cf9f', '6d1d75fd-9db5-42ea-9b90-6d691aae848e', '2026-01-05 13:18:41.582113');
INSERT INTO public.factura_asignaciones VALUES ('f28ef744-f0b5-4699-abc8-1cf075d2e37d', '885f7726-35c2-411c-a853-043628c6f23c', '725f5e5a-49d3-4e44-800f-f5ff21e187ac', '15d7b2c4-d4fa-4118-94a2-a0bd6782a2b7', '2026-01-05 16:21:04.711501');
INSERT INTO public.factura_asignaciones VALUES ('57d4238d-db3c-432a-82c8-ec557d9d83bf', '7b726d41-ea70-4e47-82e5-d7125da99bf6', 'b067adcd-13ff-420f-9389-42bfaa78cf9f', '6d1d75fd-9db5-42ea-9b90-6d691aae848e', '2026-01-05 16:29:12.060064');
INSERT INTO public.factura_asignaciones VALUES ('cc92e3b8-1c72-4a21-8fc7-9e195e547f85', '475cd480-9459-4e66-8043-0043c123c468', '725f5e5a-49d3-4e44-800f-f5ff21e187ac', '15d7b2c4-d4fa-4118-94a2-a0bd6782a2b7', '2026-01-05 16:38:28.099574');
INSERT INTO public.factura_asignaciones VALUES ('335dcce4-cafd-414d-bf5e-6ff2ce95fa5f', '4ea26e81-b0bd-4962-991a-49f7113b1887', '725f5e5a-49d3-4e44-800f-f5ff21e187ac', '15d7b2c4-d4fa-4118-94a2-a0bd6782a2b7', '2026-01-05 19:24:32.08341');
INSERT INTO public.factura_asignaciones VALUES ('19796d6b-73bc-485e-be0b-0267851ec988', '4ea26e81-b0bd-4962-991a-49f7113b1887', 'b067adcd-13ff-420f-9389-42bfaa78cf9f', '6d1d75fd-9db5-42ea-9b90-6d691aae848e', '2026-01-05 19:25:27.130695');
INSERT INTO public.factura_asignaciones VALUES ('f28a13da-b033-4a8c-84d0-3641813557d9', '1ec13a97-27a7-4130-9df2-b0ec7c889baa', '725f5e5a-49d3-4e44-800f-f5ff21e187ac', '15d7b2c4-d4fa-4118-94a2-a0bd6782a2b7', '2026-01-07 14:42:58.329296');
INSERT INTO public.factura_asignaciones VALUES ('9f90c6af-95e3-46e4-9f7d-4de0cf62a94d', '7a58d701-f700-4677-a68b-eb00e573d2af', '725f5e5a-49d3-4e44-800f-f5ff21e187ac', '15d7b2c4-d4fa-4118-94a2-a0bd6782a2b7', '2026-01-07 15:04:15.996347');
INSERT INTO public.factura_asignaciones VALUES ('523e70b8-f32f-47cf-afa5-92c5aabf4a95', '04d37c1a-71e8-4c51-b472-6ee02f90bf38', '725f5e5a-49d3-4e44-800f-f5ff21e187ac', '15d7b2c4-d4fa-4118-94a2-a0bd6782a2b7', '2026-01-07 15:28:44.110141');
INSERT INTO public.factura_asignaciones VALUES ('73b447d8-95f0-4649-b271-54fb7df4cd0a', '04d37c1a-71e8-4c51-b472-6ee02f90bf38', '725f5e5a-49d3-4e44-800f-f5ff21e187ac', '15d7b2c4-d4fa-4118-94a2-a0bd6782a2b7', '2026-01-07 15:40:39.037854');
INSERT INTO public.factura_asignaciones VALUES ('706a125b-ca6e-4fa6-a699-eeb22acd7adb', '04d37c1a-71e8-4c51-b472-6ee02f90bf38', 'b067adcd-13ff-420f-9389-42bfaa78cf9f', '6d1d75fd-9db5-42ea-9b90-6d691aae848e', '2026-01-07 15:41:08.002081');
INSERT INTO public.factura_asignaciones VALUES ('461216ba-2221-4bdc-8717-c62b8e1a7814', '2026bba8-5c06-4605-a933-a267a20077d8', '725f5e5a-49d3-4e44-800f-f5ff21e187ac', '15d7b2c4-d4fa-4118-94a2-a0bd6782a2b7', '2026-01-14 13:41:23.889979');
INSERT INTO public.factura_asignaciones VALUES ('77ff1cbe-ef7b-48e9-ba10-e53980299a2c', '2026bba8-5c06-4605-a933-a267a20077d8', '725f5e5a-49d3-4e44-800f-f5ff21e187ac', '15d7b2c4-d4fa-4118-94a2-a0bd6782a2b7', '2026-01-14 13:43:33.661298');
INSERT INTO public.factura_asignaciones VALUES ('4e0ad2e9-1b13-4862-a09e-0b9d4cc4c3ad', '2026bba8-5c06-4605-a933-a267a20077d8', 'b067adcd-13ff-420f-9389-42bfaa78cf9f', '6d1d75fd-9db5-42ea-9b90-6d691aae848e', '2026-01-14 13:44:12.1914');


--
-- TOC entry 5117 (class 0 OID 17061)
-- Dependencies: 229
-- Data for Name: factura_inventario_codigos; Type: TABLE DATA; Schema: public; Owner: postgres
--

INSERT INTO public.factura_inventario_codigos VALUES ('8d019427-227a-4681-b839-2cf00616feda', '7b726d41-ea70-4e47-82e5-d7125da99bf6', 'OCT', 'T-123', '2025-12-28 13:09:07.65604-05');
INSERT INTO public.factura_inventario_codigos VALUES ('de791863-7e5a-4774-9f0f-b85130593c04', '7b726d41-ea70-4e47-82e5-d7125da99bf6', 'ECT', 'T-456', '2025-12-28 13:09:07.656047-05');
INSERT INTO public.factura_inventario_codigos VALUES ('b8860a52-4de5-4b85-8f9e-444f36868b7d', '7b726d41-ea70-4e47-82e5-d7125da99bf6', 'FPC', 'T-789', '2025-12-28 13:09:07.65605-05');
INSERT INTO public.factura_inventario_codigos VALUES ('53e5c748-c713-4d37-a053-16710bb4f0d9', '1ec13a97-27a7-4130-9df2-b0ec7c889baa', 'FPC', 'T-789', '2025-12-28 13:15:09.735954-05');
INSERT INTO public.factura_inventario_codigos VALUES ('89e42d6e-54ff-422f-b289-1eb9baa29d68', '1ec13a97-27a7-4130-9df2-b0ec7c889baa', 'OCT', 'T-123', '2025-12-28 15:28:21.272838-05');
INSERT INTO public.factura_inventario_codigos VALUES ('52e6ee37-94d6-414e-b8c6-165e1afcb3b9', '1ec13a97-27a7-4130-9df2-b0ec7c889baa', 'ECT', 'T-456', '2025-12-28 15:28:21.272862-05');
INSERT INTO public.factura_inventario_codigos VALUES ('69e30ab9-52ea-43e4-979f-8c4c20dc5d66', '1ec13a97-27a7-4130-9df2-b0ec7c889baa', 'NP', 'NP-001', '2025-12-28 15:28:21.272875-05');
INSERT INTO public.factura_inventario_codigos VALUES ('af67eaf6-076b-45ae-8f7f-f2cd212247ef', 'ca4f8b87-a9dd-44ac-a5b3-b0cd62705bb2', 'OCC', '12558', '2026-01-02 14:20:37.129224-05');
INSERT INTO public.factura_inventario_codigos VALUES ('ff74aa59-5e64-48b6-a3e7-161f5f357a3d', 'ca4f8b87-a9dd-44ac-a5b3-b0cd62705bb2', 'EDO', '20569', '2026-01-02 14:20:37.129244-05');
INSERT INTO public.factura_inventario_codigos VALUES ('19432d82-832f-4805-a304-80d8b0203555', 'ca4f8b87-a9dd-44ac-a5b3-b0cd62705bb2', 'FPC', '55478', '2026-01-02 14:20:37.129254-05');
INSERT INTO public.factura_inventario_codigos VALUES ('b0beafa4-b836-495a-afd0-96b997c3bdf2', '800100f9-cf46-4667-858b-575166732d78', 'OCT', '125', '2026-01-02 14:29:17.34995-05');
INSERT INTO public.factura_inventario_codigos VALUES ('8d741638-36d0-48cd-8650-c21160f21706', '800100f9-cf46-4667-858b-575166732d78', 'ECT', '125', '2026-01-02 14:29:17.349972-05');
INSERT INTO public.factura_inventario_codigos VALUES ('d7bae10d-780a-49fe-b690-81280a3922ad', '800100f9-cf46-4667-858b-575166732d78', 'FPC', '1225', '2026-01-02 14:29:17.349984-05');
INSERT INTO public.factura_inventario_codigos VALUES ('0352a0f3-d136-49a6-b9ae-0a5128516097', '800100f9-cf46-4667-858b-575166732d78', 'NP', '1456', '2026-01-02 15:02:07.240017-05');
INSERT INTO public.factura_inventario_codigos VALUES ('b35e7a3d-ee86-4425-9679-10cd428e7a26', '836b0a16-53b6-44f9-8154-6596572df903', 'OCT', '98', '2026-01-02 20:29:23.009023-05');
INSERT INTO public.factura_inventario_codigos VALUES ('52e43b44-1ac4-46f1-96b1-45331925daa8', '836b0a16-53b6-44f9-8154-6596572df903', 'ECT', '54', '2026-01-02 20:29:23.009508-05');
INSERT INTO public.factura_inventario_codigos VALUES ('f728f808-943d-4cf2-be4b-1d40e4a0a703', '836b0a16-53b6-44f9-8154-6596572df903', 'FPC', '12', '2026-01-02 20:29:23.009513-05');
INSERT INTO public.factura_inventario_codigos VALUES ('51f74785-5191-4610-b3a1-f38990bfdc68', '836b0a16-53b6-44f9-8154-6596572df903', 'NP', '2025', '2026-01-02 20:29:25.659217-05');
INSERT INTO public.factura_inventario_codigos VALUES ('bee5c8fb-1bc6-4885-9e2b-f35bcd2eb066', '1e4c2dd6-b781-47bf-821a-85aa9571af9f', 'OCC', '1245', '2026-01-05 13:04:43.52601-05');
INSERT INTO public.factura_inventario_codigos VALUES ('abd477fe-3db0-471f-8e1e-3c070a9faaff', '1e4c2dd6-b781-47bf-821a-85aa9571af9f', 'EDO', '1456', '2026-01-05 13:04:43.52602-05');
INSERT INTO public.factura_inventario_codigos VALUES ('2925d56c-26be-47fc-875e-4768bc9136f5', '1e4c2dd6-b781-47bf-821a-85aa9571af9f', 'FPC', '1256', '2026-01-05 13:04:43.526028-05');
INSERT INTO public.factura_inventario_codigos VALUES ('5b76124a-7921-4a60-a413-304de60370b5', '1e4c2dd6-b781-47bf-821a-85aa9571af9f', 'NP', '20245', '2026-01-05 13:04:50.997468-05');
INSERT INTO public.factura_inventario_codigos VALUES ('6ad1bb61-5d4a-4ad7-b289-aa6cd5c34e10', '4ea26e81-b0bd-4962-991a-49f7113b1887', 'OCT', '1245', '2026-01-05 19:23:47.75513-05');
INSERT INTO public.factura_inventario_codigos VALUES ('d3c2b862-b16a-45f3-b60e-bb2c47866e12', '4ea26e81-b0bd-4962-991a-49f7113b1887', 'ECT', '125', '2026-01-05 19:23:47.755136-05');
INSERT INTO public.factura_inventario_codigos VALUES ('81464f59-6e38-443c-ab24-e7128b4d8a7b', '4ea26e81-b0bd-4962-991a-49f7113b1887', 'FPC', '1225', '2026-01-05 19:23:47.755139-05');
INSERT INTO public.factura_inventario_codigos VALUES ('dd138c6a-cec3-4011-9089-7420f952f846', '4ea26e81-b0bd-4962-991a-49f7113b1887', 'NP', '254', '2026-01-05 19:23:53.752339-05');
INSERT INTO public.factura_inventario_codigos VALUES ('cd4498b4-2e8f-4517-be9e-6c002b3e9758', '2026bba8-5c06-4605-a933-a267a20077d8', 'OCT', '1233', '2026-01-14 13:40:56.642988-05');
INSERT INTO public.factura_inventario_codigos VALUES ('51842349-8e81-4933-893b-d51faa387d20', '2026bba8-5c06-4605-a933-a267a20077d8', 'ECT', '151', '2026-01-14 13:40:56.642993-05');
INSERT INTO public.factura_inventario_codigos VALUES ('77339ee8-8da2-45a5-8d98-cc81e0141ea5', '2026bba8-5c06-4605-a933-a267a20077d8', 'FPC', '88989', '2026-01-14 13:40:56.642997-05');


--
-- TOC entry 5113 (class 0 OID 16479)
-- Dependencies: 225
-- Data for Name: files; Type: TABLE DATA; Schema: public; Owner: postgres
--

INSERT INTO public.files VALUES ('bce6fdc0-ad7f-47c7-b756-81fc275c54ca', '7b726d41-ea70-4e47-82e5-d7125da99bf6', 's3', 'facturas/2025/12/factura-001.pdf', 'factura-001.pdf', 'application/pdf', 245680, '2025-12-23 15:06:15.545255-05', '2025-12-23 15:06:15.545261-05', NULL, NULL);
INSERT INTO public.files VALUES ('24c4caf0-80d5-4f72-9603-abb5086c7514', '800100f9-cf46-4667-858b-575166732d78', 'local', 'storage\facturas\800100f9-cf46-4667-858b-575166732d78\OC\20251226165225_prompt-ejemplo_-escritura-de-historias-de-usuario_8f596746-7b38-499e-81c6-42b85e3c7916.pdf', '20251226165225_prompt-ejemplo_-escritura-de-historias-de-usuario_8f596746-7b38-499e-81c6-42b85e3c7916.pdf', 'application/pdf', 51346, '2025-12-26 16:52:25.508023-05', '2025-12-26 16:52:25.508026-05', 'OC', NULL);
INSERT INTO public.files VALUES ('e1b3fb8c-5610-491a-ac3b-84265c858313', '7b726d41-ea70-4e47-82e5-d7125da99bf6', 'local', 'storage\facturas\7b726d41-ea70-4e47-82e5-d7125da99bf6\OC\20251229014602_prompt-ejemplo_-escritura-de-historias-de-usuario_8f596746-7b38-499e-81c6-42b85e3c7916.pdf', '20251229014602_prompt-ejemplo_-escritura-de-historias-de-usuario_8f596746-7b38-499e-81c6-42b85e3c7916.pdf', 'application/pdf', 51346, '2025-12-29 01:46:02.790004-05', '2025-12-29 01:46:02.790023-05', 'OC', NULL);
INSERT INTO public.files VALUES ('6b439037-7517-4e47-96aa-268ec12ae261', '800100f9-cf46-4667-858b-575166732d78', 'local', 'storage\facturas\800100f9-cf46-4667-858b-575166732d78\APROBACION_GERENCIA\20251229020558_Captura_de_pantalla_2025-09-23_091545.png', '20251229020558_Captura_de_pantalla_2025-09-23_091545.png', 'image/png', 150777, '2025-12-29 02:05:58.369632-05', '2025-12-29 02:05:58.369642-05', 'APROBACION_GERENCIA', NULL);
INSERT INTO public.files VALUES ('1c290482-a638-402e-94f2-9674a52e7a57', '7b726d41-ea70-4e47-82e5-d7125da99bf6', 'local', 'storage\facturas\7b726d41-ea70-4e47-82e5-d7125da99bf6\APROBACION_GERENCIA\20251229020650_Captura_de_pantalla_2025-09-23_091545.png', '20251229020650_Captura_de_pantalla_2025-09-23_091545.png', 'image/png', 150777, '2025-12-29 02:06:50.873317-05', '2025-12-29 02:06:50.873324-05', 'APROBACION_GERENCIA', NULL);
INSERT INTO public.files VALUES ('b7f13966-7ff4-4491-836b-3b8557c70652', '7b726d41-ea70-4e47-82e5-d7125da99bf6', 'local', 'storage\facturas\7b726d41-ea70-4e47-82e5-d7125da99bf6\PEC\20251229125336_prompt-ejemplo_-escritura-de-historias-de-usuario_8f596746-7b38-499e-81c6-42b85e3c7916.pdf', '20251229125336_prompt-ejemplo_-escritura-de-historias-de-usuario_8f596746-7b38-499e-81c6-42b85e3c7916.pdf', 'application/pdf', 51346, '2025-12-29 12:53:36.899628-05', '2025-12-29 12:53:36.899637-05', 'PEC', NULL);
INSERT INTO public.files VALUES ('e0524a1d-30be-47fb-9cad-2e74d1743522', '7b726d41-ea70-4e47-82e5-d7125da99bf6', 'local', 'storage\facturas\7b726d41-ea70-4e47-82e5-d7125da99bf6\EC\20251229125346_prompt-ejemplo_-escritura-de-historias-de-usuario_8f596746-7b38-499e-81c6-42b85e3c7916.pdf', '20251229125346_prompt-ejemplo_-escritura-de-historias-de-usuario_8f596746-7b38-499e-81c6-42b85e3c7916.pdf', 'application/pdf', 51346, '2025-12-29 12:53:46.13315-05', '2025-12-29 12:53:46.133157-05', 'EC', NULL);
INSERT INTO public.files VALUES ('f0a948c3-c15c-491d-8799-3d3b09c32e3f', '7b726d41-ea70-4e47-82e5-d7125da99bf6', 'local', 'storage\facturas\7b726d41-ea70-4e47-82e5-d7125da99bf6\PCE\20251229125408_prompt-ejemplo_-escritura-de-historias-de-usuario_8f596746-7b38-499e-81c6-42b85e3c7916.pdf', '20251229125408_prompt-ejemplo_-escritura-de-historias-de-usuario_8f596746-7b38-499e-81c6-42b85e3c7916.pdf', 'application/pdf', 51346, '2025-12-29 12:54:08.738934-05', '2025-12-29 12:54:08.738941-05', 'PCE', NULL);
INSERT INTO public.files VALUES ('6f310153-4e6c-43e4-a0be-60601da3becd', '7b726d41-ea70-4e47-82e5-d7125da99bf6', 's3', 'facturas/2025/12/factura-001.pdf', 'factura-001.pdf', 'application/pdf', 245680, '2025-12-29 15:54:11.708253-05', '2025-12-29 15:54:11.708259-05', 'FACTURA_PDF', NULL);
INSERT INTO public.files VALUES ('3e1718bb-d071-4bdd-b612-08db1839656f', 'ca4f8b87-a9dd-44ac-a5b3-b0cd62705bb2', 'local', 'storage\facturas\ca4f8b87-a9dd-44ac-a5b3-b0cd62705bb2\OC\20260102132836_CUENTA_DE_COBRO_LOOKIA_1_.pdf', '20260102132836_CUENTA_DE_COBRO_LOOKIA_1_.pdf', 'application/pdf', 61202, '2026-01-02 13:28:36.905092-05', '2026-01-02 13:28:36.905096-05', 'OC', NULL);
INSERT INTO public.files VALUES ('253bb26a-7932-411d-b180-a4cce01b4c23', 'ca4f8b87-a9dd-44ac-a5b3-b0cd62705bb2', 'local', 'storage\facturas\ca4f8b87-a9dd-44ac-a5b3-b0cd62705bb2\APROBACION_GERENCIA\20260102132843_Firmas-2-SAMUEL-MURILLO-CORTES.png', '20260102132843_Firmas-2-SAMUEL-MURILLO-CORTES.png', 'image/png', 45147, '2026-01-02 13:28:43.746637-05', '2026-01-02 13:28:43.746642-05', 'APROBACION_GERENCIA', NULL);
INSERT INTO public.files VALUES ('631fe8b7-3726-4e3d-9b22-39c944ac357c', '800100f9-cf46-4667-858b-575166732d78', 'local', 'storage\facturas\800100f9-cf46-4667-858b-575166732d78\PEC\20260102163305_Diagrama_en_blanco.pdf', '20260102163305_Diagrama_en_blanco.pdf', 'application/pdf', 69551, '2026-01-02 16:33:05.050741-05', '2026-01-02 16:33:05.050746-05', 'PEC', NULL);
INSERT INTO public.files VALUES ('5d004285-9511-4f3e-bf2c-f387c887a29c', '800100f9-cf46-4667-858b-575166732d78', 'local', 'storage\facturas\800100f9-cf46-4667-858b-575166732d78\EC\20260102163309_fv0080927922008250000007d.pdf', '20260102163309_fv0080927922008250000007d.pdf', 'application/pdf', 115861, '2026-01-02 16:33:09.200029-05', '2026-01-02 16:33:09.200032-05', 'EC', NULL);
INSERT INTO public.files VALUES ('281f16f9-5f95-4428-98b7-a348c62c91a3', '800100f9-cf46-4667-858b-575166732d78', 'local', 'storage\facturas\800100f9-cf46-4667-858b-575166732d78\PCE\20260102163323_OT_2498_CafeQuindio.pdf', '20260102163323_OT_2498_CafeQuindio.pdf', 'application/pdf', 66098, '2026-01-02 16:33:23.536749-05', '2026-01-02 16:33:23.536752-05', 'PCE', NULL);
INSERT INTO public.files VALUES ('1d98771a-7ba7-49f3-9f6e-b49ae8e11625', '601b9744-5770-4391-8a19-d115b8f6bd1c', 'local', 'storage\facturas\601b9744-5770-4391-8a19-d115b8f6bd1c\PEC\20260102163538_Plan_accion_entrevista_mentalidad_founder_Samuel_Murillo.pdf', '20260102163538_Plan_accion_entrevista_mentalidad_founder_Samuel_Murillo.pdf', 'application/pdf', 50449, '2026-01-02 16:35:38.832173-05', '2026-01-02 16:35:38.832177-05', 'PEC', NULL);
INSERT INTO public.files VALUES ('cfd578d9-830b-4c4a-be0f-08f676880ce6', '601b9744-5770-4391-8a19-d115b8f6bd1c', 'local', 'storage\facturas\601b9744-5770-4391-8a19-d115b8f6bd1c\EC\20260102163540_fv0080927922008250000007d.pdf', '20260102163540_fv0080927922008250000007d.pdf', 'application/pdf', 115861, '2026-01-02 16:35:40.892309-05', '2026-01-02 16:35:40.892314-05', 'EC', NULL);
INSERT INTO public.files VALUES ('f9af29f6-7946-4787-8643-f54953d8d511', '601b9744-5770-4391-8a19-d115b8f6bd1c', 'local', 'storage\facturas\601b9744-5770-4391-8a19-d115b8f6bd1c\PCE\20260102163545_OT_2498_CafeQuindio.pdf', '20260102163545_OT_2498_CafeQuindio.pdf', 'application/pdf', 66098, '2026-01-02 16:35:45.172936-05', '2026-01-02 16:35:45.17294-05', 'PCE', NULL);
INSERT INTO public.files VALUES ('28e5c2c1-1e3d-4479-9794-1324d7d50a37', '68c1072f-c526-4a18-8e89-5b8443a31c91', 'local', 'storage\facturas\68c1072f-c526-4a18-8e89-5b8443a31c91\OC\20260102165701_prompt-ejemplo_-escritura-de-historias-de-usuario_8f596746-7b38-499e-81c6-42b85e3c7916.pdf', '20260102165701_prompt-ejemplo_-escritura-de-historias-de-usuario_8f596746-7b38-499e-81c6-42b85e3c7916.pdf', 'application/pdf', 51346, '2026-01-02 16:57:01.670956-05', '2026-01-02 16:57:01.670959-05', 'OC', NULL);
INSERT INTO public.files VALUES ('4c7179c3-1f0b-477e-8b4e-4d70ffe73d92', '68c1072f-c526-4a18-8e89-5b8443a31c91', 's3', 'dev/facturas/68c1072f-c526-4a18-8e89-5b8443a31c91/APROBACION_GERENCIA/20260102181149_Captura_de_pantalla_1_.png', '20260102181149_Captura_de_pantalla_1_.png', 'image/png', 151162, '2026-01-02 18:11:52.830413-05', '2026-01-02 18:11:52.830421-05', 'APROBACION_GERENCIA', NULL);
INSERT INTO public.files VALUES ('b1f41abe-c99b-4c55-ab57-56f61f7f8211', '475cd480-9459-4e66-8043-0043c123c468', 's3', 'dev/facturas/475cd480-9459-4e66-8043-0043c123c468/OC/20260102200945_CUENTA_DE_COBRO_LOOKIA.pdf', '20260102200945_CUENTA_DE_COBRO_LOOKIA.pdf', 'application/pdf', 60965, '2026-01-02 20:09:46.022054-05', '2026-01-02 20:09:46.022059-05', 'OC', NULL);
INSERT INTO public.files VALUES ('ea4e2515-5cbe-4332-a359-a381ff90caa3', '475cd480-9459-4e66-8043-0043c123c468', 's3', 'dev/facturas/475cd480-9459-4e66-8043-0043c123c468/APROBACION_GERENCIA/20260102200956_6368bacd481e021d5206945a-haynes-lubri-film-plus-tube-100-4oz.jpg', '20260102200956_6368bacd481e021d5206945a-haynes-lubri-film-plus-tube-100-4oz.jpg', 'image/jpeg', 237838, '2026-01-02 20:09:57.153174-05', '2026-01-02 20:09:57.153178-05', 'APROBACION_GERENCIA', NULL);
INSERT INTO public.files VALUES ('f0250791-945b-4fed-90dd-968b015af8bd', '836b0a16-53b6-44f9-8154-6596572df903', 's3', 'dev/facturas/836b0a16-53b6-44f9-8154-6596572df903/OC/20260102202031_CUENTA_DE_COBRO_LOOKIA.pdf', '20260102202031_CUENTA_DE_COBRO_LOOKIA.pdf', 'application/pdf', 60965, '2026-01-02 20:20:32.582363-05', '2026-01-02 20:20:32.582368-05', 'OC', NULL);
INSERT INTO public.files VALUES ('3b834a7b-a63a-49b8-84fb-5af6f1c9c1a7', '836b0a16-53b6-44f9-8154-6596572df903', 's3', 'dev/facturas/836b0a16-53b6-44f9-8154-6596572df903/APROBACION_GERENCIA/20260102202135_Firmas-2-SAMUEL-MURILLO-CORTES.png', '20260102202135_Firmas-2-SAMUEL-MURILLO-CORTES.png', 'image/png', 45147, '2026-01-02 20:21:37.061672-05', '2026-01-02 20:21:37.061677-05', 'APROBACION_GERENCIA', NULL);
INSERT INTO public.files VALUES ('380f60bc-0f45-4fc0-a4e1-c9a1dc1f548b', '1e4c2dd6-b781-47bf-821a-85aa9571af9f', 's3', 'dev/facturas/1e4c2dd6-b781-47bf-821a-85aa9571af9f/OC/20260105130236_20260102200945_CUENTA_DE_COBRO_LOOKIA.pdf', '20260105130236_20260102200945_CUENTA_DE_COBRO_LOOKIA.pdf', 'application/pdf', 60965, '2026-01-05 13:02:37.823879-05', '2026-01-05 13:02:37.823889-05', 'OC', NULL);
INSERT INTO public.files VALUES ('e2981a39-fc9e-437a-b12e-6a43928ca2a4', '1e4c2dd6-b781-47bf-821a-85aa9571af9f', 's3', 'dev/facturas/1e4c2dd6-b781-47bf-821a-85aa9571af9f/APROBACION_GERENCIA/20260105130317_mantenimiento-industrial-predictivo-1080x542.jpg', '20260105130317_mantenimiento-industrial-predictivo-1080x542.jpg', 'image/jpeg', 61949, '2026-01-05 13:03:20.592411-05', '2026-01-05 13:03:20.592418-05', 'APROBACION_GERENCIA', NULL);
INSERT INTO public.files VALUES ('20d6364b-8084-404a-9239-e273554997af', '1e4c2dd6-b781-47bf-821a-85aa9571af9f', 's3', 'dev/facturas/1e4c2dd6-b781-47bf-821a-85aa9571af9f/PEC/20260105134816_FECR_9892_6_.pdf', '20260105134816_FECR_9892_6_.pdf', 'application/pdf', 124800, '2026-01-05 13:48:19.254002-05', '2026-01-05 13:48:19.254015-05', 'PEC', NULL);
INSERT INTO public.files VALUES ('25d8b485-fe59-4b3a-a937-b724c1a67a37', '1e4c2dd6-b781-47bf-821a-85aa9571af9f', 's3', 'dev/facturas/1e4c2dd6-b781-47bf-821a-85aa9571af9f/EC/20260105134827_41912758_BNC0JB_boardingPass.pdf', '20260105134827_41912758_BNC0JB_boardingPass.pdf', 'application/pdf', 524288, '2026-01-05 13:48:28.810356-05', '2026-01-05 13:48:28.810363-05', 'EC', NULL);
INSERT INTO public.files VALUES ('39d1bcaf-e340-478e-a94e-0e2f94f49903', '1e4c2dd6-b781-47bf-821a-85aa9571af9f', 's3', 'dev/facturas/1e4c2dd6-b781-47bf-821a-85aa9571af9f/PCE/20260105134836_81178196701.pdf', '20260105134836_81178196701.pdf', 'application/pdf', 25133, '2026-01-05 13:48:37.02398-05', '2026-01-05 13:48:37.02399-05', 'PCE', NULL);
INSERT INTO public.files VALUES ('53b043ab-8245-4962-a298-094a2217de88', '4ea26e81-b0bd-4962-991a-49f7113b1887', 's3', 'dev/facturas/4ea26e81-b0bd-4962-991a-49f7113b1887/APROBACION_GERENCIA/20260105192234_20260105130317_mantenimiento-industrial-predictivo-1080x542_1_.jpg', '20260105192234_20260105130317_mantenimiento-industrial-predictivo-1080x542_1_.jpg', 'image/jpeg', 61949, '2026-01-05 19:22:36.329988-05', '2026-01-05 19:22:36.329991-05', 'APROBACION_GERENCIA', NULL);
INSERT INTO public.files VALUES ('1da0a35a-89a2-47ae-9961-0ede9dd196fb', '4ea26e81-b0bd-4962-991a-49f7113b1887', 's3', 'dev/facturas/4ea26e81-b0bd-4962-991a-49f7113b1887/OC/20260105192240_FECR_9892_5_.pdf', '20260105192240_FECR_9892_5_.pdf', 'application/pdf', 124800, '2026-01-05 19:22:40.907195-05', '2026-01-05 19:22:40.907198-05', 'OC', NULL);
INSERT INTO public.files VALUES ('807f04f9-1f17-4468-8367-9226e39620d1', '4ea26e81-b0bd-4962-991a-49f7113b1887', 's3', 'dev/facturas/4ea26e81-b0bd-4962-991a-49f7113b1887/PEC/20260105192611_FECR_9894.pdf', '20260105192611_FECR_9894.pdf', 'application/pdf', 125252, '2026-01-05 19:26:12.231619-05', '2026-01-05 19:26:12.231624-05', 'PEC', NULL);
INSERT INTO public.files VALUES ('455b71c9-366b-4283-a95c-73fe6e2a6df0', '4ea26e81-b0bd-4962-991a-49f7113b1887', 's3', 'dev/facturas/4ea26e81-b0bd-4962-991a-49f7113b1887/EC/20260105192612_FECR_9894_1_.pdf', '20260105192612_FECR_9894_1_.pdf', 'application/pdf', 125252, '2026-01-05 19:26:13.274223-05', '2026-01-05 19:26:13.274227-05', 'EC', NULL);
INSERT INTO public.files VALUES ('8dc7ec8d-a87a-4dd8-9291-780fa8a18748', '4ea26e81-b0bd-4962-991a-49f7113b1887', 's3', 'dev/facturas/4ea26e81-b0bd-4962-991a-49f7113b1887/PCE/20260105192614_FECR_9892_5_.pdf', '20260105192614_FECR_9892_5_.pdf', 'application/pdf', 124800, '2026-01-05 19:26:14.959218-05', '2026-01-05 19:26:14.959221-05', 'PCE', NULL);
INSERT INTO public.files VALUES ('66e6291d-d4ee-4840-a47b-be80f0be5a69', '2026bba8-5c06-4605-a933-a267a20077d8', 's3', 'dev/facturas/2026bba8-5c06-4605-a933-a267a20077d8/OC/20260114134008_BASES_DE_DATOS_PROYECTOS_-_MARKETING.pdf', '20260114134008_BASES_DE_DATOS_PROYECTOS_-_MARKETING.pdf', 'application/pdf', 30717, '2026-01-14 13:40:09.313617-05', '2026-01-14 13:40:09.313621-05', 'OC', NULL);
INSERT INTO public.files VALUES ('a46c9e7c-dc0a-4b2a-bedc-4be8304016e6', '2026bba8-5c06-4605-a933-a267a20077d8', 's3', 'dev/facturas/2026bba8-5c06-4605-a933-a267a20077d8/APROBACION_GERENCIA/20260114134012_PRP31_1_.pdf', '20260114134012_PRP31_1_.pdf', 'application/pdf', 55576, '2026-01-14 13:40:13.138126-05', '2026-01-14 13:40:13.138129-05', 'APROBACION_GERENCIA', NULL);
INSERT INTO public.files VALUES ('5082f9f4-22c9-41b5-9334-765cd4e7c275', '2026bba8-5c06-4605-a933-a267a20077d8', 's3', 'dev/facturas/2026bba8-5c06-4605-a933-a267a20077d8/PEC/20260114134439_PRP31_2_.pdf', '20260114134439_PRP31_2_.pdf', 'application/pdf', 55576, '2026-01-14 13:44:40.292464-05', '2026-01-14 13:44:40.292467-05', 'PEC', NULL);
INSERT INTO public.files VALUES ('76466e54-769c-429a-b598-13d7686555df', '2026bba8-5c06-4605-a933-a267a20077d8', 's3', 'dev/facturas/2026bba8-5c06-4605-a933-a267a20077d8/EC/20260114134441_PRP31_1_.pdf', '20260114134441_PRP31_1_.pdf', 'application/pdf', 55576, '2026-01-14 13:44:41.906444-05', '2026-01-14 13:44:41.906449-05', 'EC', NULL);
INSERT INTO public.files VALUES ('68fc9cb8-bd58-422d-897c-5bd077876525', '2026bba8-5c06-4605-a933-a267a20077d8', 's3', 'dev/facturas/2026bba8-5c06-4605-a933-a267a20077d8/PCE/20260114134442_20260114134008_BASES_DE_DATOS_PROYECTOS_-_MARKETING.pdf', '20260114134442_20260114134008_BASES_DE_DATOS_PROYECTOS_-_MARKETING.pdf', 'application/pdf', 30717, '2026-01-14 13:44:43.170671-05', '2026-01-14 13:44:43.170675-05', 'PCE', NULL);


--
-- TOC entry 5124 (class 0 OID 0)
-- Dependencies: 221
-- Name: estados_id_seq; Type: SEQUENCE SET; Schema: public; Owner: postgres
--

SELECT pg_catalog.setval('public.estados_id_seq', 7, true);


-- Completed on 2026-01-18 18:34:43

--
-- PostgreSQL database dump complete
--

\unrestrict hg7jpu5jF71epuVG7HYJLds7VZQDvfWo5VhZiqQbs9uRAeXIfraVhSoBjXmnPsf

