clase,llave,descripcion,base_gravable_pct,tarifa_pct,base_minima,cuentas_contables,conceptos
AUTRENT,3100,AUTORENTA,100.0,0.275,0.0,13559504        AUTORETENCION | 23657502        AUTORETENCION,Devolución de venta | Devolución de venta POS | Ventas | Ventas POS
CREE,3031,AUTORRETENCION CREE 0.4%,100.0,0.4,0.0,13551901        RETENCION EN LA FUENTE CREE | 23690101        CREE 0.40%,Devolución de venta | Devolución de venta POS | Ventas | Ventas POS
ICA,3050,NO USAR,100.0,0.966,145000.0,23680312        RETE ICA SERVICIOS 9.66 BOGOT,Compra de servicios
ICA,3013,RETE ICA COMPRAS 10 ACT. 202,100.0,0.5,1562484.0,23680203        RETE ICA COMPRAS 10 ACTIV 202,Compra de servicios | Devoluciones y ajustes de compras | Entradas por compra y sobrecostos | Nota crédito de servicios - venta | Nota débito de servicios - compra
ICA,3052,RETE ICA COMPRAS 10 ARMENIA,100.0,1.0,0.0,23680215        RETE ICA COMPRAS 10 ARMENIA,Compra de servicios | Devoluciones y ajustes de compras | Entradas por compra y sobrecostos | Nota débito de servicios - compra
ICA,3040,RETE ICA COMPRAS 3.6 ARMENIA,100.0,0.36,0.0,23680209        RETE ICA COMPRAS 3.6 ARMENIA,Compra de servicios | Devoluciones y ajustes de compras | Entradas por compra y sobrecostos | Nota débito de servicios - compra
ICA,3041,RETE ICA COMPRAS 3.6 ARMENIA,100.0,0.36,0.0,23680209        RETE ICA COMPRAS 3.6 ARMENIA,Compra de servicios | Devoluciones y ajustes de compras | Entradas por compra y sobrecostos | Nota débito de servicios - compra
ICA,3035,RETE ICA COMPRAS 3.8 ACT 201,100.0,3.8,0.0,23680210        RETE ICA COMPRAS ACTIV 201,Compra de servicios | Devoluciones y ajustes de compras | Entradas por compra y sobrecostos | Nota débito de servicios - compra
ICA,3036,RETE ICA COMPRAS 3.8 ACT 201,100.0,0.38,0.0,23680211        RETE ICA COMPRAS 3.8 ARMENIA,Compra de servicios | Devoluciones y ajustes de compras | Entradas por compra y sobrecostos | Nota débito de servicios - compra
ICA,3011,RETE ICA COMPRAS 3.8 ACT. 201,100.0,0.19,1562484.0,23680201        RETE ICA COMPRAS 3.8 ARMENIA,Compra de servicios | Devoluciones y ajustes de compras | Entradas por compra y sobrecostos | Nota débito de servicios - compra
ICA,3084,RETE ICA COMPRAS 3.8 ARMENIA,100.0,0.38,0.0,23680211        RETE ICA COMPRAS 3.8 ARMENIA,Compra de servicios | Devoluciones y ajustes de compras | Entradas por compra y sobrecostos | Nota débito de servicios - compra
ICA,3047,RETE ICA COMPRAS 4.5 CARTAGENA,100.0,0.0045,0.0,23680213        RETE ICA COMPRAS 4.5 CARTAGEN,Compra de servicios | Devoluciones y ajustes de compras | Entradas por compra y sobrecostos | Nota débito de servicios - compra
ICA,3064,RETE ICA COMPRAS 4.815 CARTAGENA,100.0,0.4815,0.0,23680216        RETE ICA COMPRAS 4.815 CARTAG,Compra de servicios | Devoluciones y ajustes de compras | Entradas por compra y sobrecostos | Nota débito de servicios - compra
ICA,3012,RETE ICA COMPRAS 5.0 ACT. 203,100.0,0.25,1562484.0,23680202        NO USAR RETE ICA COMPRAS 5.0,Compra de servicios | Devoluciones y ajustes de compras | Entradas por compra y sobrecostos | Nota débito de servicios - compra
ICA,3039,RETE ICA COMPRAS 5.0 ARMENIA,100.0,0.5,0.0,23680323        RETE ICA COMPRAS 5.0 ARMENIA,Compra de servicios | Devoluciones y ajustes de compras | Entradas por compra y sobrecostos | Nota débito de servicios - compra
ICA,3048,RETE ICA COMPRAS 7 CARTAGENA,100.0,0.07,0.0,,
ICA,3065,RETE ICA COMPRAS 7.49 CARTAGENA,100.0,0.749,0.0,23680217        RETE ICA COMPRAS 7.49 CARTAGE,Compra de servicios | Devoluciones y ajustes de compras | Entradas por compra y sobrecostos | Nota débito de servicios - compra
ICA,3015,RETE ICA COMPRAS 7.5 ACTIV 206,100.0,0.375,1562484.0,23680205        RETE ICA COMPRAS 7.5 ACTIV 20,Compra de servicios | Nota débito de servicios - compra
ICA,3014,RETE ICA COMPRAS 9.5 ACT. 207,100.0,0.475,1562484.0,23680204        RETE ICA COMPRAS 9.5 ACTIV 20,Compra de servicios | Devoluciones y ajustes de compras | Entradas por compra y sobrecostos | Nota débito de servicios - compra
ICA,3002,RETE ICA INDUSTRIAL 3.8 ACT. 103,100.0,0.19,0.0,23680101        RETE ICA INDUSTRIAL 3.8 ACTIV,Compra de servicios | Nota débito de servicios - compra
ICA,3059,RETE ICA INDUSTRIAL 3.8 ARMENIA,100.0,0.38,0.0,23680102        RETE ICA INDUSTRIAL 3.8 ARMEN,Compra de servicios | Devoluciones y ajustes de compras | Entradas por compra y sobrecostos | Nota débito de servicios - compra
ICA,3058,RETE ICA SERVICIO 5.5 ARMENIA,100.0,0.55,0.0,23680332        RETE ICA SERVICIO 5.5 ARMENIA,Compra de servicios | Devoluciones y ajustes de compras | Entradas por compra y sobrecostos | Nota débito de servicios - compra
ICA,3088,RETE ICA SERVICIO 5.5 ARMENIA,100.0,0.55,0.0,,
ICA,3024,RETE ICA SERVICIO 5.5 ARMENIA,100.0,0.275,0.0,23680304        RETE ICA SERVICIO 5.5 ARMENIA,Compra de servicios | Nota débito de servicios - compra
ICA,3021,RETE ICA SERVICIO 5.8 ACT. 318,100.0,0.29,1562484.0,23680301        RETE ICA SERVICIOS 5.8 ACTIV,Compra de servicios | Devoluciones y ajustes de compras | Entradas por compra y sobrecostos
ICA,3026,RETE ICA SERVICIO 6.0 ACT.315,100.0,0.3,1562484.0,23680306        RETE ICA SERVICIOS 6.0 ACTIV,Compra de servicios | Nota débito de servicios - compra
ICA,3022,RETE ICA SERVICIO 7.0 ARMENIA,100.0,0.35,0.0,23680307        RETE ICA SERVICIOS 7.0 ARMENI,Compra de servicios | Devoluciones y ajustes de compras | Entradas por compra y sobrecostos | Nota débito de servicios - compra
ICA,3023,RETE ICA SERVICIO 7.3 ARMENIA,100.0,0.365,0.0,23680303        RETE ICA SERVICIOS 7.3 ACTIV,Compra de servicios | Nota débito de servicios - compra
ICA,3027,RETE ICA SERVICIO 9.0 ACT. 309,100.0,0.45,0.0,23680308        RETE ICA SERVICIOS 9.0 ACTIV,Compra de servicios | Nota débito de servicios - compra
ICA,3068,RETE ICA SERVICIOS 10 CALI,100.0,1.0,0.0,23680339        RETE ICA SERVICIOS 10 CALI,Compra de servicios | Devoluciones y ajustes de compras | Entradas por compra y sobrecostos | Nota débito de servicios - compra
ICA,3070,RETE ICA SERVICIOS 10 SALENTO,100.0,1.0,0.0,23680341        RETE ICA SERVICIOS 10 SALENTO,Compra de servicios | Devoluciones y ajustes de compras | Entradas por compra y sobrecostos | Nota débito de servicios - compra
ICA,3078,RETE ICA SERVICIOS 10 TUNJA,100.0,1.0,0.0,23680344        RETE ICA SERVICIOS 10 TUNJA,Compra de servicios | Entradas por compra y sobrecostos | Nota débito de servicios - compra
ICA,3083,RETE ICA SERVICIOS 10.0 ARMENIA,100.0,1.0,0.0,23680327        RETE ICA SERVICIOS 10.0 ARMEN,Compra de servicios | Devoluciones y ajustes de compras | Entradas por compra y sobrecostos | Nota débito de servicios - compra
ICA,3057,RETE ICA SERVICIOS 11.04 BOGOTA,100.0,1.104,0.0,23680331        RETE ICA SERVICIOS 11.04 BOGO,Compra de servicios | Devoluciones y ajustes de compras | Entradas por compra y sobrecostos | Nota débito de servicios - compra
ICA,3073,RETE ICA SERVICIOS 12.05 PEREIRA,100.0,1.205,0.0,23680347        RETE ICA SERVICIOS 12.05 PERE,Compra de servicios | Entradas por compra y sobrecostos | Nota débito de servicios - compra
ICA,3066,RETE ICA SERVICIOS 12.5 BARRANQUILLA,100.0,1.25,0.0,23680337        RETE ICA SERVICIOS 12.5 BARRA,Compra de servicios | Devoluciones y ajustes de compras | Entradas por compra y sobrecostos | Nota débito de servicios - compra
ICA,3056,RETE ICA SERVICIOS 13.8 BOGOTA,100.0,1.38,0.0,23680311        RETE ICA SERVICIOS 13.8 BOGOT,Compra de servicios | Devoluciones y ajustes de compras | Entradas por compra y sobrecostos | Nota débito de servicios - compra
ICA,3081,RETE ICA SERVICIOS 3.3 CALI,100.0,0.33,0.0,23680352        RETE ICA SERVICIOS 3.3 CALI,Compra de servicios | Devoluciones y ajustes de compras | Entradas por compra y sobrecostos | Nota débito de servicios - compra
ICA,3037,RETE ICA SERVICIOS 4.14 BOGOTA,100.0,0.414,0.0,23680321        RETE ICA SERVICIOS 4.14 BOGOT,Compra de servicios | Devoluciones y ajustes de compras | Entradas por compra y sobrecostos | Nota débito de servicios - compra
ICA,3062,RETE ICA SERVICIOS 4.815 CARTAGENA,100.0,0.4815,0.0,23680335        RETE ICA SERVICIOS 4.815 CART,Compra de servicios | Devoluciones y ajustes de compras | Entradas por compra y sobrecostos | Nota débito de servicios - compra
ICA,3077,RETE ICA SERVICIOS 5.0 SANTA ROSA,100.0,0.5,0.0,23680342        RETE ICA SERVICIOS 5.0 SANTA,Compra de servicios | Entradas por compra y sobrecostos | Nota débito de servicios - compra
ICA,3079,RETE ICA SERVICIOS 5.0 VILLA MARIA,100.0,0.5,0.0,23680343        RETE ICA SERVICIOS 5.0 VILLA,Compra de servicios | Entradas por compra y sobrecostos | Nota débito de servicios - compra
ICA,3076,RETE ICA SERVICIOS 6.0 VILLAMARIA,100.0,0.6,0.0,23680350        RETE ICA SERVICIOS 6.0 VILLAM,Compra de servicios | Entradas por compra y sobrecostos | Nota débito de servicios - compra
ICA,3043,RETE ICA SERVICIOS 6.5 ARMENIA,100.0,0.7,0.0,23680212        RETE ICA COMPRAS 7 CARTAGENA,Compra de servicios | Devoluciones y ajustes de compras | Entradas por compra y sobrecostos | Nota crédito de servicios - venta | Nota débito de servicios - compra
ICA,3042,RETE ICA SERVICIOS 6.5 ARMENIA,100.0,0.65,0.0,23680324        RETE ICA SERVICIOS 6.5 ARMENI,Compra de servicios | Devoluciones y ajustes de compras | Entradas por compra y sobrecostos | Nota débito de servicios - compra
ICA,3072,RETE ICA SERVICIOS 6.6 CALI,100.0,0.66,0.0,23680346        RETE ICA SERVICIOS 6.6 CALI,Compra de servicios | Devoluciones y ajustes de compras | Entradas por compra y sobrecostos | Nota débito de servicios - compra
ICA,3061,RETE ICA SERVICIOS 7.3 ARMENIA,100.0,0.73,0.0,23680334        RETE ICA SERVICIOS 7.3 ARMENI,Compra de servicios | Devoluciones y ajustes de compras | Entradas por compra y sobrecostos | Nota débito de servicios - compra
ICA,3038,RETE ICA SERVICIOS 7.36 BOGOTA,100.0,0.736,0.0,23680322        RETE ICA SERVICIOS 7.36 BOGOT,Compra de servicios | Devoluciones y ajustes de compras | Entradas por compra y sobrecostos | Nota débito de servicios - compra
ICA,3080,RETE ICA SERVICIOS 7.60 BOGOTA,100.0,0.76,0.0,23680351        RETE ICA SERVICIOS 7.60 BOGOT,Compra de servicios | Devoluciones y ajustes de compras | Entradas por compra y sobrecostos | Nota débito de servicios - compra
ICA,3071,RETE ICA SERVICIOS 8.0 BARRANQUILLA,100.0,0.8,0.0,23680345        RETE ICA SERVICIOS 8.0 BARRAN,Compra de servicios | Devoluciones y ajustes de compras | Entradas por compra y sobrecostos | Nota débito de servicios - compra
ICA,3069,RETE ICA SERVICIOS 8.0 FILANDIA,100.0,0.8,0.0,23680340        RETE ICA SERVICIOS 8.0 FILAND,Compra de servicios | Devoluciones y ajustes de compras | Entradas por compra y sobrecostos | Nota débito de servicios - compra
ICA,3074,RETE ICA SERVICIOS 8.0 SALENTO,100.0,0.8,0.0,23680348        RETE ICA SERVICIOS 8.0 SALENT,Compra de servicios | Entradas por compra y sobrecostos | Nota débito de servicios - compra
ICA,3063,RETE ICA SERVICIOS 8.56 CARTAGENA,100.0,0.856,0.0,23680336        RETE ICA SERVICIOS 8.56 CARTA,Compra de servicios | Devoluciones y ajustes de compras | Entradas por compra y sobrecostos | Nota débito de servicios - compra
ICA,3054,RETE ICA SERVICIOS 8.66 BOGOTA,100.0,0.866,0.0,23680320        RETE ICA SERVICIOS 8.66 BOGOT,Compra de servicios | Devoluciones y ajustes de compras | Entradas por compra y sobrecostos | Nota débito de servicios - compra
ICA,3060,RETE ICA SERVICIOS 9.0 ARMENIA,100.0,0.9,0.0,23680333        RETE ICA SERVICIOS 9.0 ARMENI,Compra de servicios | Devoluciones y ajustes de compras | Entradas por compra y sobrecostos | Nota débito de servicios - compra
ICA,3085,RETE ICA SERVICIOS 9.0 ARMENIA,100.0,0.9,0.0,23680333        RETE ICA SERVICIOS 9.0 ARMENI,Compra de servicios | Devoluciones y ajustes de compras | Entradas por compra y sobrecostos | Nota débito de servicios - compra
ICA,3075,RETE ICA SERVICIOS 9.0 FILANDIA,100.0,0.9,0.0,23680349        RETE ICA SERVICIOS 9.0 FILAND,Compra de servicios | Entradas por compra y sobrecostos | Nota débito de servicios - compra
ICA,3067,RETE ICA SERVICIOS 9.0 PEREIRA,100.0,0.9,0.0,23680338        RETE ICA SERVICIOS 9.0 PEREIR,Compra de servicios | Devoluciones y ajustes de compras | Entradas por compra y sobrecostos | Nota débito de servicios - compra
ICA,3001,RETE ICA VENTAS 3.8 ACTIV.201,100.0,1.9,1562484.0,13551801        IMPUESTO DE INDUSTRIA Y COMER,Devolución de venta | Ventas
ICA,3016,RETEICA COMPRA 11.04 BOGOTA - NOUTILIZAR,100.0,0.552,980000.0,23680208        RETE ICA COMPRAS 11.04 BOGOTA,Compra de servicios | Devoluciones y ajustes de compras | Entradas por compra y sobrecostos | Nota débito de servicios - compra
ICA,3018,RETEICA COMPRA 5.5,100.0,0.275,1656232.0,23680207        RETE ICA COMPRAS 5.5,Compra de servicios | Devoluciones y ajustes de compras | Entradas por compra y sobrecostos | Nota débito de servicios - compra
ICA,3019,RETEICA COMPRAS 3.6 ARMENIA,100.0,0.36,226000.0,23680209        RETE ICA COMPRAS 3.6 ARMENIA,Compra de servicios | Entradas por compra y sobrecostos
ICA,3086,RETEICA SERVICIOS 10 PEREIRA,100.0,1.0,0.0,23680353        RETEICA SERVICIOS 10 PEREIRA,Compra de servicios | Devoluciones y ajustes de compras | Entradas por compra y sobrecostos | Nota crédito de servicios - venta | Nota débito de servicios - compra
ICA,3087,RETEICA SERVICIOS 10 PEREIRA,100.0,1.0,0.0,23680353        RETEICA SERVICIOS 10 PEREIRA,Compra de servicios | Devoluciones y ajustes de compras | Entradas por compra y sobrecostos | Nota débito de servicios - compra
ICA,3025,RETEICA SERVICIOS 10 PEREIRA,100.0,0.5,0.0,23680305        RETE ICA SERVICIOS 10 ACTIV 3,Compra de servicios | Nota débito de servicios - compra
ICA,3030,RETEICA SERVICIOS 3.5 - ARMENIA,100.0,0.35,226000.0,23680314        RETE ICA SERVICIOS 3.5,Compra de servicios
ICA,3032,RETEICA SERVICIOS 3.5 - ARMENIA,100.0,0.35,226000.0,23680314        RETE ICA SERVICIOS 3.5,Compra de servicios
ICA,3034,RETEICA SERVICIOS 3.6 ARMENIA,100.0,0.36,0.0,23680319        RETE ICA SERVICIOS 3.6 ARMENI,Compra de servicios
ICA,3051,"RETEICA SERVICIOS 6,9 BOGOTA",100.0,0.69,0.0,"23680329        RETE ICA SERVICIOS 6,9 BOGOTA",Compra de servicios | Devoluciones y ajustes de compras | Entradas por compra y sobrecostos | Nota débito de servicios - compra
ICA,3089,RETEICA SERVICIOS 7.5 ARMENIA,100.0,0.75,0.0,23680355        RETE ICA COMPRAS 7.5 ARMENIA,Compra de servicios | Devoluciones y ajustes de compras | Entradas por compra y sobrecostos | Nota débito de servicios - compra
ICA,3082,RETEICA SERVICIOS 8.0 ARMENIA,100.0,0.8,0.0,23680354        RETEICA SERVICIOS 8.0 ARMENIA,Compra de servicios | Devoluciones y ajustes de compras | Entradas por compra y sobrecostos | Nota débito de servicios - compra
ICA,3029,RETEICA SERVICIOS 9.66 BOGOTA,100.0,0.966,0.0,23680312        RETE ICA SERVICIOS 9.66 BOGOT,Compra de servicios | Devoluciones y ajustes de compras | Entradas por compra y sobrecostos | Nota débito de servicios - compra
ICA,3028,RETEICA SERVICIOS 9.66 BOGOTA NO UTILIZA,100.0,0.483,145000.0,,
ICA,3046,RETENCION DE ICA SERVICIOS 10.0 ARMENIA,100.0,1.0,0.0,23680327        RETE ICA SERVICIOS 10.0 ARMEN,Compra de servicios | Devoluciones y ajustes de compras | Entradas por compra y sobrecostos | Nota débito de servicios - compra
ICA,3044,RETENCION DE ICA SERVICIOS 3.4 ARMENIA,100.0,0.34,0.0,23680325        RETE ICA SERVICIOS 3.4 ARMENI,Compra de servicios | Devoluciones y ajustes de compras | Entradas por compra y sobrecostos | Nota débito de servicios - compra
ICA,3049,RETENCION DE ICA SERVICIOS 3.5 CARTAGENA,100.0,0.35,0.0,23680328        RETE ICA SERVICIOS 3.5 CARTAG,Compra de servicios | Devoluciones y ajustes de compras | Entradas por compra y sobrecostos | Nota débito de servicios - compra
ICA,3053,RETENCION DE ICA SERVICIOS 4.5 CARTAGENA,100.0,0.45,0.0,23680330        RETE ICA SERVICIOS 4.5 CARTAG,Compra de servicios | Devoluciones y ajustes de compras
ICA,3045,RETENCION DE ICA SERVICIOS 7.0 ARMENIA,100.0,0.7,0.0,23680326        RETE ICA SERVICIOS 7.0 ARMENI,Compra de servicios | Devoluciones y ajustes de compras | Entradas por compra y sobrecostos | Nota débito de servicios - compra
ICA,3055,RETENCION DE ICA SERVICIOS 8.0 CARTAGENA,100.0,0.8,0.0,23680318        RETE ICA SERVICIOS 8.0 CARTAG,Compra de servicios | Devoluciones y ajustes de compras | Entradas por compra y sobrecostos | Nota débito de servicios - compra
IVA,2001,RETEIVA 15% COMPRAS DEL 19%,100.0,15.0,1345000.0,23677101        RETEIVA AL REG SIMPLIFICADO C | 24080402        IVA TRANSITORIO 16% | 24080701        IVA RETENIDO AL REG SIMPLIFIC | 24080704        IVA RETENIDO  SERV. REG. SIMP,Compra de servicios | Devolución de venta | Devoluciones y ajustes de compras | Entradas por compra y sobrecostos | Nota débito de servicios - compra | Ventas
IVA,2006,RETEIVA 15% COMPRAS DEL 19% SIN BASE,100.0,15.0,0.0,23677005        RETEIVA REG. SIMPLE DE TRIBUT | 23677101        RETEIVA AL REG SIMPLIFICADO C | 24080701        IVA RETENIDO AL REG SIMPLIFIC,Compra de servicios | Devoluciones y ajustes de compras | Entradas por compra y sobrecostos | Nota débito de servicios - compra
IVA,2002,RETEIVA 15% COMPRAS DEL 5%,100.0,15.0,895000.0,23677101        RETEIVA AL REG SIMPLIFICADO C | 24080701        IVA RETENIDO AL REG SIMPLIFIC,Compra de servicios | Devoluciones y ajustes de compras | Entradas por compra y sobrecostos | Nota débito de servicios - compra
IVA,2004,RETEIVA 15% HONORARIOS DEL 16%,100.0,15.0,0.0,23677102        RETEIVA AL REG SIMPLIFICADO S | 24080702        IVA RETENIDO AL REG SIMPLIFIC,Compra de servicios | Devoluciones y ajustes de compras | Entradas por compra y sobrecostos | Nota débito de servicios - compra
IVA,2007,RETEIVA 15% SERV. DEL 19% SIN BASE RST,100.0,15.0,0.0,23677006        RETEIVA REG. SIMPLE DE TRIBUT | 24080704        IVA RETENIDO  SERV. REG. SIMP,Compra de servicios | Devoluciones y ajustes de compras | Entradas por compra y sobrecostos | Nota débito de servicios - compra
IVA,2003,RETEIVA 15% SERVICIOS DEL 16%,100.0,15.0,133000.0,23677102        RETEIVA AL REG SIMPLIFICADO S | 24080702        IVA RETENIDO AL REG SIMPLIFIC,Compra de servicios | Devoluciones y ajustes de compras | Entradas por compra y sobrecostos | Nota débito de servicios - compra
IVA,2005,RETEIVA 15% SERVICIOS DEL 16% SIN BASE,100.0,15.0,0.0,23677102        RETEIVA AL REG SIMPLIFICADO S | 24080702        IVA RETENIDO AL REG SIMPLIFIC,Compra de servicios | Devoluciones y ajustes de compras | Entradas por compra y sobrecostos | Nota débito de servicios - compra
IVA,4000,RETEIVA 15% VENTAS DEL 19%,100.0,15.0,0.0,13551701        RETENCION IVA,Devolución de venta | Devolución de venta POS | Ventas | Ventas POS
IVA,2008,RETEIVA COMPRA EN EL EXTERIOR,100.0,100.0,0.0,23677007        RETEIVA COMPRAS EXTERIOR | 24080706        IVA RETENIDO  COMPRAS AL EXTE,Compra de servicios
IVA,2009,RETEIVA COMPRA EN EL EXTERIOR,100.0,19.0,0.0,23677007        RETEIVA COMPRAS EXTERIOR | 24080706        IVA RETENIDO  COMPRAS AL EXTE,Compra de servicios
RENTA,1029,"ARENDAM. BIENES INMUEBLES DECLAR 3,5% PJ",100.0,3.5,495000.0,23653003        ARRENDAM. INMUEBLES R 3.5% P.,Compra de servicios | Nota débito de servicios - compra
RENTA,1011,"ARREND. BIENES INMUEBLES  3,5% PER JURID",100.0,3.5,498000.0,23653003        ARRENDAM. INMUEBLES R 3.5% P.,Compra de servicios | Nota débito de servicios - compra
RENTA,1037,"ARREND. BIENES INMUEBLES  3,5% PER NATUR",100.0,3.5,498000.0,23653005        ARRENDAM. INMUEBLES R 3.5% P.,Compra de servicios | Nota débito de servicios - compra
RENTA,1010,"ARRENDAM. BIENES INMUEBLES DECLAR 2,5%",100.0,2.5,498000.0,23653002        ARRENDAM. INMUEBLES OBLIG A D,Compra de servicios | Nota débito de servicios - compra
RENTA,1009,ARRENDAMIENTO DE BIENES MUEBLES 4% P. JU,100.0,4.0,0.0,23653001        ARRENDAMIENTOS MUEBLES 4% PER,Compra de servicios | Nota débito de servicios - compra
RENTA,1036,ARRENDAMIENTO DE BIENES MUEBLES 4% P. NA,100.0,4.0,0.0,23653004        ARRENDAMIENTOS MUEBLES 4% PER,Compra de servicios | Nota débito de servicios - compra
RENTA,1016,COMPRA COMBUSTIBLES DERIV. DEL PET 0.1%,100.0,0.1,0.0,23654003        COMPRA COMBUS. Y DERIV PETROL,Compra de servicios | Devoluciones y ajustes de compras | Entradas por compra y sobrecostos | Nota débito de servicios - compra
RENTA,1015,COMPRA DE CAFÉ PERGAMINO CEREZA 0.5%PJUR,100.0,0.5,3486000.0,23654002        COMPRAS CAFE PERGAMINO O CERE,Compra de servicios | Devoluciones y ajustes de compras | Entradas por compra y sobrecostos
RENTA,1039,COMPRA DE CAFÉ PERGAMINO CEREZA 0.5%PNAT,100.0,0.5,3486000.0,23654008        COMPRAS CAFE PERGAMINO O CERE,Compra de servicios | Devoluciones y ajustes de compras | Entradas por compra y sobrecostos
RENTA,1033,COMPRA VEHICULOS 1%,100.0,1.0,0.0,23654006        COMPRAS VEHICULO 1% PERSONA J,Compra de servicios | Devoluciones y ajustes de compras | Entradas por compra y sobrecostos | Nota débito de servicios - compra
RENTA,1023,COMPRA Y OTROS ING.TRIBUT. 3.5% SIN BASE,100.0,3.5,0.0,23654004        COMPRAS GENERALES 3.5% PERSON,Compra de servicios | Devoluciones y ajustes de compras | Entradas por compra y sobrecostos | Nota débito de servicios - compra
RENTA,1032,COMPRA Y OTROS INGR. TRIBU 1.5%SIN BASE,100.0,1.5,0.0,23654005        COMPRAS GENERALES 1.5% PERSON,Compra de servicios | Devoluciones y ajustes de compras | Entradas por compra y sobrecostos | Nota débito de servicios - compra
RENTA,1022,COMPRA Y OTROS INGR.TRIBT.2.5% S.BASE PJ,100.0,2.5,0.0,23654001        COMPRAS GENERALES 2.5% P. JUR,Compra de servicios | Devoluciones y ajustes de compras | Entradas por compra y sobrecostos | Nota débito de servicios - compra
RENTA,1040,COMPRA Y OTROS INGR.TRIBT.2.5% S.BASE PN,100.0,2.5,0.0,23654007        COMPRAS GENERALES 2.5% P. NAT,Compra de servicios | Devoluciones y ajustes de compras | Entradas por compra y sobrecostos | Nota débito de servicios - compra
RENTA,1031,COMPRA Y OTROS INGR.TRIBUT.2.5% SIN BASE,100.0,2.5,0.0,23654001        COMPRAS GENERALES 2.5% P. JUR,Compra de servicios | Devoluciones y ajustes de compras | Entradas por compra y sobrecostos | Nota débito de servicios - compra
RENTA,1014,COMPRA Y OTROS INGRESOS TRIBU 2.5% P.JUR,100.0,2.5,498000.0,23654001        COMPRAS GENERALES 2.5% P. JUR,Compra de servicios | Devoluciones y ajustes de compras | Entradas por compra y sobrecostos | Nota débito de servicios - compra
RENTA,1038,COMPRA Y OTROS INGRESOS TRIBU 2.5% P.NAT,100.0,2.5,498000.0,23654007        COMPRAS GENERALES 2.5% P. NAT,Compra de servicios | Devoluciones y ajustes de compras | Entradas por compra y sobrecostos | Nota débito de servicios - compra
RENTA,1018,COMPRA Y OTROS INGRESOS TRIBUTARIOS 3.5%,100.0,3.5,498000.0,23654004        COMPRAS GENERALES 3.5% PERSON,Compra de servicios | Devoluciones y ajustes de compras | Entradas por compra y sobrecostos | Nota débito de servicios - compra
RENTA,3017,RETE ICA COMPRAS 3.5,100.0,0.175,1582484.0,,
RENTA,1034,RETEFTA COMPRA EN EL EXTERIOR,100.0,2.5,0.0,23654001        COMPRAS GENERALES 2.5% P. JUR,Compra de servicios | Devoluciones y ajustes de compras | Entradas por compra y sobrecostos | Nota débito de servicios - compra
RENTA,1035,RETEFTA COMPRA EN EL EXTERIOR,100.0,20.0,0.0,23655002        RETENCION DE COMPRAS  DEL EXT,Compra de servicios
RENTA,1052,RETEFUENTE REGALIAS 2.5% PJ,100.0,0.25,0.0,23654009        RETEFUENTE REGALIAS 2.5% PJ,Compra de servicios | Devoluciones y ajustes de compras | Entradas por compra y sobrecostos | Nota débito de servicios - compra
RENTA,3033,RETENCION ICA 3.6 ARMENIA,100.0,0.36,226000.0,23680309        RETE ICA SERVICIOS 8.0 ACTIV,Compra de servicios
RENTA,1050,RETENCION INDEPENDIENTES ART 383,100.0,0.0,0.0,23650502        RETENCION INDEPENDIENTES ART,Compra de servicios
RTECOMIS,1027,COMISIONES 10%,100.0,10.0,0.0,23652002        COMISIONES 10% PERSONA NATURA,Compra de servicios | Nota débito de servicios - compra
RTECOMIS,1003,COMISIONES 11%,100.0,11.0,0.0,23652001        COMISIONES 11% PERSONA JURIDI,Compra de servicios | Nota débito de servicios - compra
RTEHON,1001,HONORARIOS 10%,100.0,10.0,0.0,23651502        HONORARIOS 10% PERSONA NATURA,Compra de servicios | Nota débito de servicios - compra
RTEHON,1002,HONORARIOS 11% PERSONA JURIDICA,100.0,11.0,0.0,23651501        HONORARIOS 11% PERSONA JURIDI,Compra de servicios | Nota débito de servicios - compra
RTEHON,1047,HONORARIOS 11% PERSONA NATURAL,100.0,11.0,0.0,23651501        HONORARIOS 11% PERSONA JURIDI | 23651505        HONORARIOS 11% PERSONA NATURA,Compra de servicios | Nota débito de servicios - compra
RTEHON,1017,HONORARIOS SERV LIC SOFTWARE 3.5%,100.0,3.5,0.0,23651503        HONORARIOS 3.5% PERSONA JURID,Compra de servicios | Nota débito de servicios - compra
RTESERV,1013,"CONTRATOS CONSTR, URBANIZACIÓN 2% P. JUR",100.0,2.0,498000.0,23652506        CONTRATOS DE CONSTR BN INMUEB,Compra de servicios | Nota débito de servicios - compra
RTESERV,1044,"CONTRATOS CONSTR, URBANIZACIÓN 2% P. NAT",100.0,2.0,498000.0,23652514        CONTRATOS DE CONSTR BN INMUEB,Compra de servicios | Nota débito de servicios - compra
RTESERV,1049,RETEFTE SERVICIOS PRESTADOS EXTERIOR 20%,100.0,20.0,0.0,23655003        RETENCION DE SERVICIOS DEL EX,Compra de servicios
RTESERV,1030,RETENCION POR SERVICIOS DEL EXTERIOR,100.0,20.0,0.0,23655001        RETENCION SERVICIOS EXT (OJO,Compra de servicios
RTESERV,1025,"SERV HOTEL,REST. y HOSPE 3,5% S BASE PJU",100.0,3.5,0.0,"23652505        SERVIC HOTELES, REST. Y HOSP",Compra de servicios | Nota débito de servicios - compra
RTESERV,1046,"SERV HOTEL,REST. y HOSPE 3,5% S BASE PNA",100.0,3.5,0.0,"23652513        SERVIC HOTELES, REST. Y HOSP",Compra de servicios | Nota débito de servicios - compra
RTESERV,1012,"SERVICIO DE HOTELES, REST.HOSPE 3,5% P.J",100.0,3.5,100000.0,"23652505        SERVIC HOTELES, REST. Y HOSP",Compra de servicios | Nota débito de servicios - compra
RTESERV,1043,"SERVICIO DE HOTELES, REST.HOSPE 3,5% P.N",100.0,3.5,100000.0,"23652513        SERVIC HOTELES, REST. Y HOSP",Compra de servicios | Nota débito de servicios - compra
RTESERV,1028,SERVICIO DE TRANSPORTE DE CARGA 1%,100.0,1.0,100000.0,23652502        SERVICIOS TRANSPORTE 1% PERSO,Compra de servicios | Devoluciones y ajustes de compras | Entradas por compra y sobrecostos | Nota débito de servicios - compra
RTESERV,1042,SERVICIO DE TRANSPORTE DE CARGA 1% P. NA,100.0,1.0,0.0,23652511        SERVICIOS TRANSPORTE 1% PERSO,Compra de servicios | Devoluciones y ajustes de compras | Entradas por compra y sobrecostos | Nota débito de servicios - compra
RTESERV,1006,SERVICIO DE TRANSPORTE DE CARGA 1% P.JUR,100.0,1.0,100000.0,23652502        SERVICIOS TRANSPORTE 1% PERSO,Compra de servicios | Devoluciones y ajustes de compras | Entradas por compra y sobrecostos | Nota débito de servicios - compra
RTESERV,1004,SERVICIOS 4% PERSONA JURIDICA,100.0,4.0,133000.0,23652504        SERVICIOS GENERALES 4% PERSON,Compra de servicios | Devoluciones y ajustes de compras | Entradas por compra y sobrecostos | Nota débito de servicios - compra
RTESERV,1041,SERVICIOS 4% PERSONA NATURAL DECLARANTE,100.0,4.0,100000.0,23652512        SERVICIOS GENERALES 4% PERSON,Compra de servicios | Devoluciones y ajustes de compras | Entradas por compra y sobrecostos | Nota débito de servicios - compra
RTESERV,1020,SERVICIOS 4% SIN BASE PERSONA  JURIDICA,100.0,4.0,0.0,23652504        SERVICIOS GENERALES 4% PERSON,Compra de servicios | Devoluciones y ajustes de compras | Entradas por compra y sobrecostos | Nota débito de servicios - compra
RTESERV,1045,SERVICIOS 4% SIN BASE PERSONA  NATURAL,100.0,4.0,0.0,23652512        SERVICIOS GENERALES 4% PERSON,Compra de servicios | Devoluciones y ajustes de compras | Entradas por compra y sobrecostos | Nota débito de servicios - compra
RTESERV,1005,SERVICIOS 6% PERSONA NATURAL,100.0,6.0,100000.0,23652501        SERVICIOS GENERALES 6% PERSON,Compra de servicios | Devoluciones y ajustes de compras | Entradas por compra y sobrecostos | Nota débito de servicios - compra
RTESERV,1026,SERVICIOS 6% SIN BASE PN,100.0,6.0,0.0,23652501        SERVICIOS GENERALES 6% PERSON,Compra de servicios | Devoluciones y ajustes de compras | Entradas por compra y sobrecostos | Nota débito de servicios - compra
RTESERV,1021,SERVICIOS 6% SIN BASE PN,100.0,6.0,0.0,23652501        SERVICIOS GENERALES 6% PERSON,Compra de servicios | Devoluciones y ajustes de compras | Entradas por compra y sobrecostos | Nota débito de servicios - compra
RTESERV,1019,SERVICIOS ASEO Y VIGILA 2%(AIU 10%)P JUR,10.0,2.0,100000.0,23652508        SERVICIOS ASEO Y VIGIL. 2%(AI,Compra de servicios | Nota débito de servicios - compra
RTESERV,1008,SERVICIOS DE ASEO Y VIGILANCIA 2% PJURID,100.0,2.0,133000.0,23652503        SERVICIOS DE ASEO Y VIGILANCI,Compra de servicios | Nota débito de servicios - compra
RTESERV,1024,SERVICIOS INTREGRALES DE SALUD 2% PJURID,100.0,2.0,100000.0,23652509        SERVICIOS INTEGRALES DE SALUD,Compra de servicios | Nota débito de servicios - compra
RTESERV,1048,SERVICIOS LICENCIAMIENTO SOFTW PJ 3.5%,100.0,3.5,0.0,23652516        SERVICIOS LICENCIAMIENTO SOFT,Compra de servicios | Nota débito de servicios - compra
RTESERV,1007,SERVICIOS TEMPORALES DE EMPLEO 1% PJURID,100.0,1.0,133000.0,23652507        SERVICIOS TEMPORALES DE EMPLE,Compra de servicios | Nota débito de servicios - compra
RTESERV,1051,SERVICIOS TRANS NAL DE PASAJEROS 3.5% PN,100.0,3.5,0.0,23652515        SERVICIOS TRANS NAL DE PASAJE,Compra de servicios
